소분류코드,소분류명
A010101,위생세제
A010102,휴지류
A010103,뷰티상품
A010104,일용잡화
A010105,세트상품
A010106,단기행사
A010201,우육
A010202,돈육
A010203,계육
A010204,갈비세트
A010205,정육세트
A010206,수입육
A010207,양념육
A010301,햄
A010302,유제품
A010303,직매입
A010304,화과자
A010305,햄세트
A010306,친환경올가
A010401,청과
A010402,채소
A010403,유기농채소
A010404,농산가공
A010405,건과
A010406,선식(가루류)
A010407,곡물
A010408,농산단기행사
A010409,청과세트
A010410,건과세트
A010411,곶감/송이세트
A010412,수삼/더덕세트
A010413,친환경세트
A010414,농산단기행사
A010501,생선
A010502,회
A010503,건생선
A010504,기타생선
A010505,냉동식품
A010506,냉동만두류
A010507,굴비류
A010508,멸치류
A010509,안주류
A010510,김류
A010511,즉석구이김류
A010512,건어물류
A010514,건어물세트
A010515,선어세트
A010516,굴비세트
A010517,안주세트
A010518,기타건생선세트
A010519,김세트
A010520,멸치세트
A010521,수산단기행사
A010601,한식델리
A010602,일식델리
A010603,서양델리
A010604,에스닉푸드
A010605,중식델리
A010606,초밥
A010607,제과제빵
A010608,일반가공식품
A010609,특산물행사
A010610,가공선물세트
A010611,케익류
A010612,양과자류
A010613,전문베이커리
A010614,떡
A010615,한과
A010616,한과(세트행사)
A010617,양과(세트행사)
A010618,반찬장류세트
A010619,포숑
A010620,수입단기행사
A010621,기타베이커리
A010622,즉석.스넥(매장)
A010623,밥류
A010624,면류
A010625,패밀리레스토랑
A010626,아이스크림
A010627,커피숍
A010628,KKD
A010629,푸드코트
A010630,브랑제리
A010631,브랜드샵
A010632,엔젤리너스
A010633,롯데리아
A010634,TGIF
A010635,음료
A010636,분식
A010637,대형테넌트
A010638,디저트카페
A010639,양식
A010640,일식
A010641,한식
A010642,중식
A010643,패스트푸드
A010644,식당가 한식
A010645,식당가 중식
A010646,식당가 일식
A010647,식당가 양식
A010648,식당가 커피숍
A010649,식당가 아이스크림
A010650,식당가 레스토랑
A010652,생필(부대)
A010653,스넥(부대)
A010654,지방스넥(부대)
A010655,델리(부대)
A010656,레토르
A010701,젓갈세트
A010702,규격젓갈
A010703,벌크젓갈
A010704,규격김치
A010705,벌크김치
A010706,장류
A010707,어묵
A010708,가공행사
A010710,즉석반찬
A010801,건강식품(홍삼)
A010802,건강식품
A010803,건강식품(비타민)
A010901,주류
A010902,음료
A010903,한차
A010904,공병
A010905,기타음료
A011001,디저트류
A011002,가공2단기행사
A011003,원두커피
A011004,수입식품
A011101,PECK Restaurant
A011102,PECK Enoteca
A011103,PECK Fruits
A011104,PECK G&C
A011105,팩토리샵
A011106,CJ팩토리샵
A011107,스테이셔너리
A011108,5 ON THE GO
A011109,멘즈셀렉샵
A020101,넥타이(특정)
A020102,스카프(특정)
A020103,양말(특정)
A020104,손수건(특정)
A020105,스타킹(특정)
A020106,모자(특정)
A020107,우/양산(특정)
A020108,장갑(특정)
A020109,기타
A020110,누셀렉트샵
A020111,모자(단기행사)
A020112,패션갤러리움
A020113,무인양품
A020114,영플라자(패션내의)
A020115,영플라자(영트랜디)
A020116,영플라자(기타)
A020201,선글라스(특정)
A020202,영플라자(패션)
A020203,선글라스(단기행사)
A020204,아이웨어
A020205,헤어
A020206,수입ACC
A020207,헤어ACC
A020208,국산ACC
A020209,14K
A020210,넥타이핀
A020211,기타(가발포장담배연구사진수선)
A020212,영플라자(장신)
A020213,ACC Bloom (1F)
A020214,ACC Bloom (3F)
A020301,화장품
A020302,기초 화장품
A020303,색조 화장품
A020304,향수
A020305,기타
A020306,기초A
A020307,영플라자(화장품)
A020308,영플라자 색조
A020309,아울렛(화장품)
A020310,아베다스파
A020311,라코스메티크
A020312,남성 화장품
A020401,조화
A020402,보석
A020501,시계
A020601,네셔널
A020602,직수입핸드백
A020603,가방
A020604,임대
A020605,4대 B/D
A020606,단기행사
A020607,영플라자(핸드백)
A020608,Bag&Bag
A020609,영플라자(구두)
A020701,캐릭터 여화
A020702,구두시즌
A020703,캐릭터 남화
A020704,구두단기행사
A020705,NB 여화
A020706,shoe`n shoe
A020707,금강그룹
A020708,정상구두
A020709,캐주얼화
A020710,파크랜드
A030101,N/B 아동복
A030102,L/C 아동복
A030103,수입 아동복
A030104,고정행사(아동복)
A030105,아동잡화
A030106,아동신발
A030107,단기행사(아동복)
A030108,키즈
A030109,유아복
A030110,유아용품
A030111,내의
A030112,완구
A030113,토들러
A030114,아동놀이시설
A040201,영플라자 (올리브핫스텁)
A040202,영플라자(영캐주얼)
A040203,영플라자(진/유니)
A040204,영플라자(이지)
A040205,영플라자(스트리트)
A040206,올리브핫스텁
A040207,영플라자(영캐릭터)
A040208,영플라자(영밸류)
A040209,영밸류 캐주얼
A040210,영플라자(쿨캐주얼)
A040211,영플라자 컬처캐주얼
A040212,수입브릿지
A040213,수입캐주얼
A040214,캐릭터캐주얼
A040215,수입캐릭터
A040216,이지캐주얼(행사)
A040217,스트리트
A040218,UNIT
A040219,여성의류
A040220,영캐주얼
A040221,영캐주얼행사
A040222,영 캐릭터
A040223,영 트렌디
A040224,global SPA
A040225,영 컨템포러리
A040227,유니섹스캐주얼
A040228,진캐주얼
A040229,이지캐주얼
A040230,유니섹스캐주얼행사
A040231,쿨캐주얼
A040232,프리미엄진
A040233,컬처캐주얼
A040234,GR-8
A040235,SPACE 5.1
A040237,이지캐주얼
A040238,편집샵
A040239,진스퀘어
A040240,캐주얼피혁
A040241,캐주얼단품
A040242,비아스텔리나
A040243,라뉴
A040244,Theory
A040245,비트윈
A040246,Taste5.1
A040247,아울렛
A040248,영레깅스편집샵
A040249,global 편집샵
A040250,KHOS
A040251,영플라자(KHOS)
A040252,유니크샵
A040253,영플라자(영스트리트)
A040254,영스트리트
A040255,영플라자(영캐주얼행사)
A040256,카카오프렌즈
A040257,케이웨이 상품군
A040258,까르뜨블랑슈 상품군
A040259,펜필드 상품군
A040260,팀버랜드 상품군
A040261,지오투
A040301,Knit & Knot(캐슬플라자)
A040302,커리어
A040303,커리어 행사
A040304,커리어 단독매입
A040305,세이브더칠드런
A040306,밸류커리어
A040307,안토니모라토 상품군
A040308,크로커다일 상품군
A040401,트래디셔널
A040501,Knit & Knot
A040502,엘레강스
A040503,시니어
A040504,나파피리상품군
A040601,란제리
A040602,패션내의
A040603,란제리행사
A040604,EC(해외잡화)
A040701,더블라우스
A040801,유니폼
A040802,홈웨어
A040803,니트단품
A040901,디자이너
A040902,디자이너부틱
A040903,디자이너캐릭터
A041001,모피
A041002,피혁
A041003,숙녀고정행사
A041004,숙녀단기행사
A050101,N.B정장
A050102,직수입정장
A050103,보기밀라노
A050104,정장점행사
A050105,갤럭시
A050106,로가디스
A050107,마에스트로
A050108,캠브리지
A050109,바쏘
A050110,빨질레리
A050111,니나리찌
A050112,닥스
A050113,킨록앤더슨
A050114,다반
A050115,브룩스브라더스
A050116,아울렛엘지패션
A050201,시티캐주얼
A050202,캐주얼토털
A050203,시티정장바지
A050204,시티단기행사
A050205,남성잡화
A050206,Maniz
A050207,갤럭시라이프스타일
A050208,로가디스그린
A050209,일꼬르소
A050210,클럽캠브리지
A050211,프랑코페라로
A050212,인디안
A050213,아날도바시니
A050214,에디션
A050215,벨라모
A050216,프로메이드
A050217,옴스
A050218,피에르가르뎅
A050219,el Trail
A050220,OUTDOOR+1
A050221,Fitness Square
A050222,청백
A050223,다비드컬렉션
A050224,남성잡화ACC2
A050225,el Bicar
A050226,ARCHIV
A050227,MODIUM
A050228,Last Scene
A050229,Leg 5:3:2
A050230,건강수면샵
A050301,수입화
A050302,어반스타일
A050303,트래디셔널Ⅱ
A050304,el Travel
A050305,빈폴상품군
A050306,폴로상품군
A050307,라코스테상품군
A050308,타미힐피거상품군
A050309,헤지스상품군
A050310,헨리코튼상품군
A050311,올젠상품군
A050312,프레드페리상품군
A050401,교복
A050501,비지니스군
A050502,셔츠고정행사
A050503,셔츠단기행사
A050504,남성잡화 ACC
A050601,트랜디
A050602,컨템포러리
A050603,단기행사
A050604,어반캐주얼
A050605,지이크
A050606,ANDZ
A050607,엠비오
A050608,레노마
A050609,BON
A050610,코모도스퀘어
A050611,지오송지오
A050612,이지오
A050613,워모
A050614,TNGT
A050615,킨록by킨록앤더슨
A050616,TI포맨
A050617,커스텀멜로우
A050618,시리즈
A050619,레드옥스
A050620,S+by트루젠
A050621,리버클래시
A050622,DKNY
A050623,IMZ프리미엄
A050624,반하트디알바자
A050625,솔리드옴므
A050626,질스튜어트NY
A050627,캘빈클라인
A050628,클럽모나코
A050629,타임옴므
A050630,휴고보스
A050631,PAT
A050632,바버 상품군
A060101,백팩편집
A060102,아웃도아
A060103,수영복
A060104,휘트니스
A060105,가 방
A060106,운동용품
A060107,스포츠용품
A060108,스키
A060109,고정행사(레져)
A060110,단기행사(레져)
A060111,선글라스
A060112,시즌수영복
A060113,등산화
A060114,L/C 아웃도어
A060115,직수입 아웃도어
A060116,노스페이스
A060117,에이글
A060118,코오롱스포츠
A060119,K2
A060120,K2플라이워크
A060121,아이더
A060122,블랙야크
A060123,마모트
A060124,마운티아
A060125,컬럼비아
A060126,마운틴하드웨어
A060127,네파
A060128,이젠벅
A060129,밀레
A060130,라푸마
A060131,슈나이더
A060132,머렐
A060133,빈폴아웃도어
A060134,디스커버리
A060135,몽벨
A060136,바이클로
A060137,센터폴
A060138,트렉스타(의)
A060139,트렉스타(신)
A060140,휠라아웃도어
A060141,콜핑
A060142,카리모어
A060143,레드페이스
A060144,에코로바
A060145,웨스트우드
A060146,투스카로라
A060147,아크테릭스
A060148,몬츄라
A060149,피엘라벤
A060150,파타고니아
A060151,살로몬
A060152,오클리
A060153,웍앤톡
A060154,스노우피크
A060155,메아리
A060156,시에라
A060157,볼레
A060158,마모트카페(Rodge201)
A060159,킨
A060160,레저스포츠 단독매입
A060161,와이드앵글
A060162,한성에프아이
A060163,루이까스텔
A060164,프레지던츠골프
A060165,풋조이
A060166,스포츠의류
A060167,스포츠화
A060168,고정행사(스포츠)
A060169,단기행사(스포츠)
A060170,영플라자(의류)
A060171,영플라자(신발)
A060172,나이키의류
A060173,아디다스의류
A060174,나이키화
A060175,아디다스화
A060176,뉴발란스아울렛
A060177,슈즈플러스
A060178,배드민턴스퀘어
A060179,아울렛 제일모직
A060201,N/B골프의류
A060202,L/C골프의류
A060203,직수입 골프의류
A060204,골프용품
A060205,단기행사(골프)
A060206,청백
A060207,아놀드파마
A060208,닥스골프
A060209,헤지스골프
A060210,잭니클라우스
A060211,엘로드
A060212,울시
A060213,레노마골프
A060214,휠라골프
A060215,핑
A060216,팬텀골프
A060217,슈페리어
A060218,이동수골프
A060219,빈폴골프
A060220,엘르골프
A060221,캘러웨이
A060222,타이틀리스트
A060223,김영주골프
A060224,JDX골프
A060225,피가로
A060226,링스
A060227,그린조이
A060228,까스텔바작
A060229,엠유스포츠
A060230,보그너
A060231,아다바트
A060232,먼싱웨어
A060233,르꼬끄골프
A060234,파리게이츠
A060235,블랙앤화이트
A060236,나이키골프
A060237,아디다스골프
A060238,폴로골프
A060239,휴고보스골프
A060240,데상트골프
A060241,글로벌골프프라자
A060242,매일통상
A060243,우리골프
A060244,애드파골프
A060245,갤러리골프
A060246,명성골프
A060247,매직스포츠
A060248,AK골프
A060249,골프존마켓
A060250,애플라인드
A060251,파리게이츠 상품군
A060252,해리토리 상품군
A070101,국산A/V
A070102,국산냉장고.세탁기
A070103,수입냉장고
A070104,수입세탁기
A070105,수입A/V
A070201,가스기기
A070202,수입청소기 외
A070203,기능성소품
A070301,MP3 外
A070302,컴퓨터
A070303,IT 게임기S/W
A070304,디지털카메라
A070401,피아노/악기
A070402,악기
A070403,음반
A070501,명품오디오
A070601,에어컨
A070602,전기밥솥
A070603,수입소형가전
A070604,기타국산소형가전
A070605,김치냉장고
A070606,건강가전
A070607,행사
A070608,에스프레소
A080101,갤러리
A080102,수입잡화
A080103,수입의류
A080104,직수입
A080105,잡화멀티샵
A080106,명품잡화
A080107,명품잡화보석
A080108,명품기타
A080109,명품잡화행사
A080110,디자이너
A080111,어덜트
A080112,컨템포러리
A080113,명품남성
A080114,명품의류행사
A080115,명품의류기타
A080116,명품시계기타
A080117,명품보석
A080118,힐앤토트
A080119,주얼리멀티
A080120,명품멀티기타
A080121,엘리든
A080122,global 편집샵
A080123,남성해외패션
A080124,갤러리
A080125,어덜트
A090101,수입주방
A090102,주방잡화
A090103,수      저
A090104,국산주방
A090105,주방단기행사
A090106,임      대
A090107,휴모니아
A090108,주방 단독매입
A090109,토탈리빙
A090110,한샘
A090201,서적
A090202,필기류
A090301,생화
A090302,이미용
A090303,캔들디퓨져
A090304,타월
A090305,욕실용품
A090306,매트
A090307,장식소품
A090308,토탈데코
A090309,그림
A090310,단기행사
A090311,소품가구
A090312,기능성침대
A090401,크리스탈
A090402,그라스
A090403,국산도자기
A090404,수입도자기
A090405,전통도자기
A090406,식기단기행사
A090407,락앤락
A090501,종합가구
A090502,수입가구
A090503,침대
A090504,소파
A090505,식탁
A090506,원목학생철재
A090507,일반침대
A090508,건강침대
A090509,일반침대(에이스)
A090510,건강침대(흙침대)
A090601,카페트
A090602,N.B
A090603,L.B
A090604,수입침구
A090605,한실침구
A090606,수예소품
A090607,커       튼
A090608,수예단기행사
A090609,건강베개
A090610,아동침구
A090701,웨딩
B010101,가지
B010102,고추
B010103,구색 호박
B010104,기타열매채소
B010105,단호박
B010106,애호박
B010107,여주
B010108,오이
B010109,옥수수
B010110,친환경열매채소
B010111,콩류
B010112,피망
B010201,건버섯
B010202,느타리버섯
B010203,버섯모둠
B010204,버섯선물세트
B010205,새송이버섯
B010206,양송이버섯
B010207,이색버섯
B010208,팽이버섯
B010209,표고버섯
B010301,온라인열매채소
B020101,나물/부침
B020102,반찬류
B020103,젓갈류
B020104,즉석김치류
B020105,즉석국탕/볶음
B020201,제철반찬
B020202,김장김치
B030101,저염젓갈
B030102,일반젓갈
B030201,절임반찬
B030202,조림반찬
B030203,메인요리
B030204,볶음/무침반찬
B040101,일반미
B040102,기능성미
B040103,친환경양곡
B040201,미곡류
B040202,콩류
B040203,보리류
B040204,잡곡기타
B040205,혼합잡곡
B040206,친환경잡곡
B040207,벌크잡곡
B040301,즉석도정미
B040302,친환경도정미
B040401,양곡가공
B050101,시금치
B050102,상추
B050103,미나리
B050104,부추
B050105,쑥갓
B050106,깻잎
B050107,얼갈이
B050108,아욱
B050109,근대
B050110,양배추
B050111,기타잎채소
B050112,쌈채소
B050113,봄동
B050114,죽순
B050115,고구마순
B050116,생나물
B050117,친환경채소(특약)
B050118,친환경잎채소
B050119,온라인 잎채소
B050201,감자
B050202,고구마
B050203,당근
B050204,연근
B050205,우엉
B050206,마
B050207,기타뿌리채소
B050301,오이
B050302,고추
B050303,피망
B050304,콩류
B050305,옥수수
B050306,가지
B050307,기타과채류
B050308,애호박
B050309,단호박
B050310,기타호박
B050311,다다기오이
B050312,취청오이
B050313,가시오이
B050314,기타오이
B050401,건버섯
B050402,버섯모둠
B050403,친환경팽이버섯
B050404,표고버섯
B050405,일반느타리버섯
B050406,양송이버섯
B050407,새송이버섯
B050408,기타버섯
B050409,친환경참맛느타리
B050410,버섯류 선물세트
B050501,파프리카
B050502,양상추
B050503,브로콜리
B050504,구색양채
B050505,기타양채
B050506,즙용양채
B050507,아스파라거스
B050508,샐러드채소
B050509,구색샐러드채소
B050510,즙용샐러드채소
B050511,친환경샐러드채소
B050512,향신채소
B050601,인삼
B050602,기타약초
B050603,더덕
B050604,백련초
B050605,황기
B050606,구기자
B050607,둥글레
B050701,대파
B050702,양파
B050703,깐마늘
B050704,생강
B050705,건고추
B050706,기타양념
B050707,쪽파
B050708,피마늘
B050709,마늘쫑
B050710,양념류 선물세트
B050801,식자재
B050901,친환경쌈채소
B050902,친환경뿌리채소
B050903,친환경열매채소
B050904,친환경샐러드채소
B050905,친환경양념채소
B050906,친환경잎채소
B051001,친환경김치채소
B051002,배추
B051003,얼갈이
B051004,열무
B051005,무우
B051006,갓
B051007,알타리무
B051101,온라인잎채소
B051201,Local근대
B051202,Local기타잎채소
B051203,Local깻잎
B051204,Local미나리
B051205,Local부추
B051206,Local상추
B051207,Local시금치
B051208,Local쌈채소
B051209,Local쑥갓
B051210,Local아욱
B051211,Local양배추
B051301,Local갓
B051302,Local무우
B051303,Local배추
B051304,Local얼갈이
B051305,Local열무
B051401,간편구색
B051402,간편양념
B051403,드레싱
B051404,샐러드
B060101,대구
B060102,우럭
B060103,도미
B060104,조기
B060105,고등어
B060106,갈치
B060107,꽁치
B060108,명태
B060109,가자미
B060110,삼치
B060111,임연수
B060112,아귀
B060113,병어
B060114,게
B060115,구색선어
B060116,오징어류
B060117,민어
B060118,연어
B060201,굴비
B060202,반건생선
B060203,냉동포장
B060301,선어세트
B060302,해물선물세트
B060303,굴비세트
B060401,국산고등어
B060402,국산고등어자반
B060403,국산삼치
B060501,국산대구
B060601,국산도미
B060602,국산민어
B060701,국산청어
B060702,국산금태
B060703,국산우럭
B060704,국산임연수어
B060705,국산아귀
B060706,국산병어
B060707,국산기타구색생선
B060801,국산꽁치
B060802,국산가자미
B060901,국산오징어
B060902,국산한치
B061001,국산참조기
B061002,부세조기
B061003,국산백조기
B061004,긴가이석태
B061005,영상가이석태
B061006,기타조기
B061007,국산명태
B061101,국산꽃게
B061102,국산대게
B061103,국산홍게
B061104,국산기타게
B061105,국산갈치
B070101,마른안주 선물세트
B070102,해조류세트
B070103,멸치황태세트
B070201,즉석어포
B070202,즉석오징어
B070203,즉석쥐포
B070301,건오징어
B070302,조미오징어
B070303,육포
B070304,쥐치포
B070305,온라인 안주
B070401,멸치
B070402,황태북어
B070501,김
B070502,조미김
B070503,미역
B070504,다시마
B070601,즉석안주
B070602,즉석김
B070603,특산물행사
B070701,동해안건오징어
B070702,반건오징어
B070703,울릉도건오징어
B070704,원양산건오징어
B070801,백진미
B070802,홍진미
B070803,훈제구이진미
B070901,국산육포
B070902,돈닭치즈육포
B070903,수입산육포
B071001,구운쥐치포
B071002,어포류
B071003,쥐치포
B071101,육포세트
B080101,햄버거
B080102,F/F기타
B080201,사진관
B080202,안경점
B080203,유원시설
B080204,기타편의시설
B080205,소극장
B080301,피자레스토랑
B080302,뷔페레스토랑
B080303,한식레스토랑
B080304,중식레스토랑
B080305,일식레스토랑
B080306,양식레스토랑
B080307,기타레스토랑
B080401,커피
B080402,생과일
B080403,베이커리
B080404,아이스크림
B080501,캔들
B080502,기타판매시설
B080503,안경점
B080504,서적
B080505,기프트 샵
B080506,경정비
B080601,주유소
B090101,회전초밥
B090102,아이스크림
B090103,푸드몰
B090201,케익
B090202,페스츄리
B090203,식빵
B090204,과자빵
B090205,페스츄리류
B090206,도넛류
B090207,케익
B090208,기타
B090209,온라인 베이커리
B090301,꼬치
B090302,훈제/로스트
B090401,일반튀김
B090402,치킨
B090501,도시락
B090502,김밥
B090503,초밥
B090601,족발
B090602,순대
B090603,꼬치
B090604,구이
B090701,포장반찬
B090702,김치
B090703,젓갈
B090704,반찬
B090801,선식
B090802,떡
B090901,지역특산물
B090902,떡/강정
B090903,먹거리
B091001,전통간식
B091002,월드간식
B091101,한식
B091102,아시안
B091103,음료
B091104,양식
B091201,후라이드
B091202,즉석어묵
B091203,치킨
B091301,피자
B091302,베이크
B100101,과일음료
B100102,과채음료
B100103,냉장차음료
B100104,냉장커피음료
B100105,수입냉장음료
B100106,냉장음료
B100201,데일리처분
B100301,기능성우유
B100302,친환경우유
B100303,어린이우유
B100304,멸균흰우유
B100305,일반흰우유
B100306,기능성시유
B100307,테트라시유
B100401,과일맛우유
B100402,커피/초코우유
B100403,견과우유/냉장두유
B100404,멸균가공우유
B100405,일반가공유
B100406,펫가공유
B100407,테트라가공유
B100501,마시는요구르트
B100502,어린이/액상요구르트
B100503,드링크요구르트
B100504,떠먹는요구르트
B100601,치즈
B100602,버터/마가린
B100603,디저트
B100604,크림/연유
B100701,일반빵류
B100702,케익
B100703,식빵류
B100704,찐빵류
B100705,패스트리
B100801,간식용치즈
B100802,슬라이스치즈
B100803,요리용치즈
B100901,냉장케익
B100902,젤리
B100903,푸딩
B101001,버터/마가린
B101002,크림연유
B110101,자연조미료
B110102,가공조미료
B110103,식초
B110104,소금
B110105,향신료
B110106,설탕
B110107,액젓
B110108,천연조미료
B110201,케찹
B110202,마요네즈
B110203,소스
B110204,음용식초
B110205,물엿/올리고당
B110206,드레싱
B110301,간장
B110302,고추장
B110303,된장
B110304,쌈장
B110305,춘장
B110401,식용유
B110402,참기름
B110403,기타고급유
B110404,올리브유
B110405,일반유
B110406,카놀라유
B110407,포도씨유
B110408,마가린
B110501,조미혼합세트
B110502,식용유세트
B110503,참기름세트
B110504,장류세트
B110505,식용유지세트
B110506,기타세트
B110601,곡물가루
B110602,농산가루
B110603,가공선식
B110604,부침/튀김가루
B110605,홈메이드믹스
B110606,제빵재료
B110701,직영식자재
B110702,특정식자재
B110801,자연향신료
B110901,액젓
B110902,요리식초
B110903,음료식초
B111001,가공조미료
B111002,자연조미료
B111101,설탕
B111102,소금
B111103,액상과당
B111201,수입소스
B111202,수입유지
B111203,수입장류
B111204,수입조미료
B120101,즉석반찬
B120102,분말조리식품
B120103,즉석밥/죽
B120201,봉지면
B120202,용기면
B120301,국수
B120302,당면
B120303,건냉면
B120304,생면
B120305,파스타류
B120401,유아푸드
B120402,분유
B120403,이유식
B120501,일반잼
B120502,과일잼
B120503,스프레드
B120504,프리미엄잼
B120601,농산물통조림
B120602,수산통조림
B120603,축산물통조림
B120604,과일통조림
B120605,참치통조림
B120606,채소통조림
B120607,온라인 통조림
B120701,통조림선물세트
B120702,혼합선물세트
B120801,이유식
B120802,유아과자
B120803,유아기타간식
B120804,유아음료
B120901,성인두유
B120902,유아두유
B130101,커피크림
B130102,인스턴트커피
B130103,원두커피
B130104,커피선물세트
B130201,코코아
B130202,녹차
B130203,액상차
B130204,티백차
B130205,식수용차
B130206,T-SHOP
B130207,침출차
B130208,분말차
B130209,아이스티
B130210,건강미용차
B130211,차 선물세트
B130301,건강식품
B130302,꿀
B130303,홍삼
B130304,비타민
B130305,꿀 선물세트
B130306,건강선물세트
B130401,국산담배
B130402,수입담배
B130501,믹스커피
B130502,아이스커피
B130503,용기리필커피
B130601,분쇄원두커피
B130602,스틱원두커피
B130603,캡슐원두커피
B130604,티백/드립 커피
B130605,홀빈원두커피
B130701,커피선물세트
B130801,분말차
B130802,아이스티
B130803,액상차
B130804,코코아
B130901,차선물세트
B131001,국산꿀
B131002,수입꿀
B140101,감자스낵
B140102,콘스낵
B140103,일반스낵
B140104,쌀스낵
B140105,기타스낵
B140106,온라인 스낵
B140201,쿠키
B140202,크래커
B140203,샌드
B140204,웨하스
B140205,화과자
B140206,스틱과자
B140207,온라인 비스켓
B140301,파이
B140302,케이크
B140303,온라인 파이
B140401,패밀리용시리얼
B140402,어린이용시리얼
B140403,성인용시리얼
B140404,온라인 시리얼
B140501,젤리
B140502,하드캔디
B140503,소프트캔디
B140504,토이캔디
B140505,워터젤리
B140506,팥빙수재료
B140507,온라인 캔디
B140601,국산초콜릿
B140602,초콜릿바
B140603,판초콜릿
B140604,쉘초콜릿
B140605,바초콜릿
B140606,코팅초콜릿
B140607,가공초콜릿
B140608,온라인 초콜릿
B140701,일반껌
B140702,기호껌
B140703,기능성껌
B140704,풍선껌
B140705,키즈껌
B140801,농산안주
B140802,스넥안주
B140803,기타안주
B140901,기호한과
B141001,과자선물세트
B141101,유기농과자
B141102,프리미엄비스켓
B141103,프리미엄스낵
B141104,프리미엄초콜릿
B141105,프리미엄캔디
B141106,프리미엄파이
B141201,간식용소시지
B141202,기타 간식용과자
B141203,맛밤류
B141301,수입껌
B141302,수입비스켓
B141303,수입스낵
B141304,수입초콜릿
B141305,수입캔디
B141306,수입파이
B141307,온라인수입과자
B141401,과자선물세트
B141402,캐릭터과자
B141501,옛날과자
B141502,온라인전통과자
B141503,온라인팥빙수재료
B141504,팥빙수재료
B141505,한과
B141506,화과자
B150101,생수
B150102,국내생수
B150103,수입생수
B150104,탄산수
B150105,온라인 생수
B150201,채소음료
B150202,과일음료
B150203,과채혼합음료
B150204,어린이음료
B150205,유기농음료
B150206,온라인과채음료
B150207,과일/야채음료
B150208,선물세트 과즙음료
B150301,두유
B150302,영유아두유
B150401,사이다
B150402,콜라
B150403,온라인 탄산음료
B150404,혼합탄산
B150501,이온음료
B150601,커피음료
B150602,차음료
B150603,온라인커피차음료
B150604,혼합음료
B150605,차혼합음료
B150701,의약외품음료
B150702,기능성건강음료
B150703,비타민음료
B150704,에너지음료
B150705,비타/에너지음료
B150706,기능성음료
B150707,기능성음료선물세트
B150801,수입과채혼합음료
B150802,수입탄산/이온음료
B150803,수입커피/수입혼합차음료
B160101,병소주
B160102,페트소주
B160201,국산맥주
B160202,수입맥주
B160203,무알콜맥주
B160301,레드와인
B160302,화이트와인
B160303,와인선물세트
B160401,민속주
B160402,막걸리
B160403,과실주
B160404,전통주선물세트
B160501,동양전통주
B160502,위스키
B160503,일본술
B160504,브랜디
B160505,리큐르
B160506,중국술
B160507,양주선물세트
B170101,분말세제
B170102,세탁비누
B170103,액체세제
B170104,세탁보조제
B170105,섬유유연제
B170106,표백제
B170107,온라인 세탁세제
B170201,방향탈취제
B170202,살충제
B170203,주거청소세제
B170204,락스
B170205,제습제
B170301,식기세제
B170302,천연세정제
B170303,온라인 주장세제
B170401,일반섬유유연제
B170402,고농축섬유유연제
B170403,온라인섬유유연제
B170501,일반표백제
B170502,고농축표백제
B170601,파리모기살충제
B170602,바퀴개미살충제
B170603,방충제
B170701,탈취제
B170801,제습제
B180101,아기기저귀
B180102,성인용기저귀
B180201,롤티슈
B180202,미용티슈
B180203,키친타올
B180204,물티슈
B180205,가정용화장지
B180206,업소용화장지
B180207,온라인 화장지
B180301,생리대
B180302,삽입형생리대
B180303,팬티라이너
B180401,젖병세정제
B180402,유아세탁세제
B180403,온라인 유아세제
B180501,유아기저귀
B180502,온라인유아기저귀
B180503,유아세제
B180504,수유용품
B180505,온라인수유용품
B180506,유아용품
B180601,시니어용품
B180602,환자용위생용품
B180603,요실금용위생용품
B180701,부직포생리대
B180702,매쉬형생리대
B180703,순면생리대
B180704,오버나이트
B180705,일반생리대
B180706,탐폰형생리대
B180707,팬티라이너
B180708,온라인여성위생용품
B180801,키친타올
B180802,냅킨
B180901,유아물티슈
B180902,일반물티슈
B180903,기능성물티슈
B180904,온라인물티슈
B181001,미용티슈
B181002,여행용미용티슈
B190101,치약
B190102,칫솔
B190103,구강청결제
B190104,전동칫솔
B190105,치간칫솔
B190106,여행용품
B190107,온라인 구강용품
B190201,염색약
B190202,샴푸
B190203,모발영양케어
B190204,린스
B190205,헤어스타일링
B190206,새치용염색약
B190207,칼라용염색약
B190208,온라인헤어스타일링
B190209,온라인 헤어용품
B190301,면도기
B190302,면도보조용품
B190303,면도날
B190401,미용비누
B190402,바디클린져
B190403,훼이셜클린져
B190404,핸드워시
B190501,바디스킨케어
B190502,유아스킨케어
B190503,훼이셜스킨케어
B190504,온라인 스킨케어
B190601,의약외품
B190602,건강용품
B190701,바디용품선물세트
B190702,브랜드세트
B190703,종합세트
B190704,온라인H&B선물세트
B190801,일반기획
B190802,일반샴푸단품
B190803,일반린스단품
B190804,온라인일반헤어케어
B190901,프리미엄샴푸
B190902,모발영양케어
B190903,온라인기능헤어케어
B190904,모근/한방샴푸
B190905,두피샴푸
B190906,내추럴샴푸
B200101,그릇
B200102,수저
B200103,컵
B200104,기호품
B200201,조리용기
B200202,조리기구
B200203,온라인 음식조리
B200301,저장용기
B200302,랩/호일
B200303,물병
B200304,밀폐용기
B200305,저장병
B200401,주방정리용품
B200402,설거지용품
B200501,도시락/찬합
B200502,일회용품
B200503,나들이용품
B200601,주방시즌용품
B200602,주방균일가
B200701,겨울시즌용품
B200702,캠핑키친용품
B200703,일회용품
B200704,여름시즌용품
B200705,온라인야외/시즌용품
B200801,다이소
B200802,온라인균일가
B210101,휴지통
B210102,빗자루/쓰레받이
B210103,밀대/걸레
B210104,청소용솔
B210105,청소보조용품
B210106,구두용품
B210107,종량제봉투
B210201,세탁건조용품
B210202,다림용품
B210203,세탁보조용품
B210204,다리미판
B210205,분무기
B210206,세탁건조대
B210207,옷걸이
B210301,의류수납용품
B210302,다용도수납함
B210303,리빙박스
B210304,바스켓
B210305,서랍장
B210306,수납소품
B210307,신발수납용품
B210308,종이/패브릭수납함
B210309,카트/장바구니
B210310,쇼핑용품
B210401,타월
B210402,매트
B210403,욕실소품
B210404,수도용품
B210405,거실화
B210406,발판
B210407,욕실 수납용품
B210408,변기커버
B210409,욕실화
B210501,휴지통
B210601,걸레/청소포
B210602,밀대청소기
B210603,빗자루/쓰레받이
B210701,무세제크리너
B210702,청소용솔
B210703,청소편의용품
B210704,테이프크리너
B210801,음식물봉투
B210802,재사용봉투
B210803,종량제봉투
B220101,선반
B220102,기타소가구
B220103,행거
B220104,DIY소가구
B220105,서랍장
B220106,수납소품
B220107,키즈가구
B220108,수납함
B220201,벽지
B220202,데코시트
B220203,액자
B220204,시계
B220205,거울
B220206,장식소품
B220301,테이블
B220302,의자
B220303,제기
B220401,조명
B220402,전구
B220501,가정보수용품
B220502,전기보수용품
B220503,공구
B220601,건전지
B220701,종합가구
B220702,인테리어샵
B220801,다이닝테이블
B220802,책상
B220901,간이의자
B220902,좌식의자
B220903,책상의자
B221001,교자상
B221002,다용도상
B221101,병풍
B221102,제기세트
B221103,제기소품
B221201,야외용의자
B221202,야외용테이블
B221203,야외용품
B221301,벽지
B221302,시트지
B221401,시공가구
B221402,인테리어샵
B221403,일반가구
B230101,침구세트
B230102,이불
B230103,매트류
B230104,균일가침구류
B230105,베개류
B230106,솜류
B230201,기능성충전재
B230202,소품베개
B230203,솜
B230204,수납수예
B230205,수예커버
B230206,앞치마/장갑
B230207,우모충전재
B230208,쿠션
B230209,방석
B230210,덮개류
B230211,균일가 소품
B230212,온라인 수예소품
B230301,커튼소품
B230302,커튼
B230303,로만쉐이드
B230304,롤스크린
B230305,커튼봉
B230306,커튼악세사리
B230307,균일가커튼
B230401,담요
B230402,시즌침구
B230403,온라인수예시즌
B230404,이벤트수예
B230405,카페트
B230406,여름자리
B230407,모기장
B230408,황토침구
B230501,아동침구
B230502,아동베개
B230503,아동소품
B240101,미술용품
B240102,서예용품
B240103,악기류
B240104,교육보조재
B240105,가방
B240106,문구선물세트
B240201,초등노트
B240202,일반노트
B240203,수첩메모
B240204,서식지
B240205,사무용지
B240301,연필
B240302,펜
B240303,필통/파우치
B240304,연필깎이
B240305,샤프
B240306,수정용품
B240401,접착용품
B240402,게시용품
B240403,데스크정리용품
B240404,OA용품
B240405,서식지
B240406,사무용지
B240407,오피스스티커
B240408,온라인오피스용품
B240409,파일/바인더
B240410,앨범
B240411,클리어화일
B240412,기타화일
B240501,파티용품
B240502,포장용품
B240503,팬시용품
B240504,향초
B240505,편지/카드
B240506,크리스마스용품
B240507,기타시즌행사
B240601,공예용품
B240602,물감류
B240603,색연필/파스텔
B240604,서예용품
B240605,스케치북/종합장
B240606,싸인펜
B240607,채색도구
B240608,크레파스
B240701,교구류
B240702,만들기용품
B240703,온라인교육보조재
B240704,피아노
B240705,학습악기류
B240801,파우치/가방
B240802,파티용품
B240803,패션스티커
B240804,팬시스티커
B240805,팬시용품
B240806,편지/카드
B240807,포장용품
B240901,수첩메모
B240902,일반노트
B240903,초등노트
B241001,계절시즌행사
B241002,기타시즌행사
B241003,크리스마스용품
B250101,일반서적
B250102,잡지
B250103,참고서/수험서
B250104,취미실용
B250105,어학물
B250106,온라인 서적
B250201,아동음반
B250202,일반음반
B250203,VCD/비디오
B250301,아동서적
B250302,유아서적
B250401,DVD
B250501,아동서적
B250502,유아서적
B250503,일반서적
B250504,참고서/수험서
B250505,퍼즐
B250601,영상
B250602,음반
B250603,Digital Accessory
B260101,유아잡화
B260102,온라인BABY/INFANT
B260103,유아용품
B260104,미취학
B260105,신생아/유아
B260106,아동방꾸미기
B260107,발육기 의류
B260108,유모차/카시트
B260109,기저귀
B260110,베이비푸드
B260111,유아용품
B260112,유아침대
B260113,유아동가구
B260114,스킨케어 및 물티슈
B260201,디즈니
B260202,취미/DIY
B260203,공작완구
B260204,콜렉션인형
B260205,아기인형
B260206,소꿉놀이
B260207,바비와 바비의류
B260208,패션인형
B260209,여아드레스 및 소품
B260210,봉제인형
B260211,캐릭터봉제
B260212,여아취미
B260301,이미지내리움(일반교육)
B260302,전자교육
B260303,게임장난감
B260304,블럭장난감
B260305,미술용품
B260306,과학교구
B260307,퍼즐장난감
B260308,창작용품
B260309,아동서적류
B260310,학용품
B260401,기타전자완구
B260402,비디오게임기
B260403,비디오게임의류
B260404,비디오게임소프트웨어
B260405,컴퓨터게임소프트웨어
B260501,수집용완구
B260502,액션피겨
B260503,역할놀이완구
B260504,기차완구
B260505,건전지
B260506,자동차완구
B260507,조립식완구
B260508,무선조정완구
B260601,달러존
B260602,플레이세트
B260603,캔디류
B260604,카드포장지
B260605,할로윈
B260606,물놀이 용품
B260607,아웃도어용품
B260608,정원모래놀이
B260609,유아동승용물
B260610,아동자전거
B260611,전동승용물
B260612,스포츠용품
B260613,스포츠놀이
B260614,스케이트류
B260615,자전거용품
B260616,파티/팬시
B260617,프로모션
B260701,보드게임
B260702,블럭
B260703,퍼즐
B260801,과학교구
B260802,미술용품
B260803,아동서적
B260804,일반교육
B260805,전자지능개발
B260806,창작용품
B260807,학용품
B260901,키덜트/콜렉션
B260902,액션피겨
B260903,조립/프라모델
B261001,건전지
B261002,무선조종
B261003,미니기차
B261004,미니자동차
B261005,코스튬/롤플레잉
B261006,키덜트/콜렉션
B270101,수족관
B270102,고양이용품
B270103,온라인 레저취미
B270201,원예소품
B270202,생화
B270203,조화
B270204,가드닝세트
B270205,배양토/영양제
B270206,살수용품
B270207,시즌원예
B270208,원예공구
B270209,조화/숯
B270210,화분
B270211,화분받침
B270301,애견간식
B270302,애견건식사료
B270303,빗/이발기
B270304,샴푸/탈취제
B270305,스마트펫케어
B270306,애견습식사료
B270307,식기/물병
B270308,애견잡화
B270309,의류/줄
B270310,이동장
B270311,장난감
B270312,패드
B270313,하우스/방석
B270314,애견식품
B270315,애견비식품
B270316,온라인 애견용품
B270401,덴탈비식품
B270402,덴탈식품
B270501,고양이간식
B270502,고양이건식사료
B270503,고양이잡화
B270504,배변용품
B270505,고양이습식사료
B270506,캣타워/장난감
B270601,미용
B270602,분양
B270603,진료
B270604,처방사료
B270605,호텔
B270606,훈련
B270701,곤충
B270702,곤충용품
B270703,관상어
B270704,관상어용품
B270705,관상조
B270706,관상조용품
B270707,소동물
B270708,소동물용품
B270709,어항세트
B280101,자동차부품
B280102,오일/첨가제
B280103,도장판금용품/체인
B280201,세차관련용품
B280202,세차케미칼류
B280203,카방향제
B280204,카소취제
B280301,계절카시트
B280302,시트/카쿠션/매트
B280303,카매트
B280304,온라인카시트/매트
B280305,카시트
B280401,자동차처분
B280501,수납/핸드폰소품
B280502,내장ACC
B280503,외장ACC
B280601,실내DIY용품
B280602,실내편의용품
B280603,에어컨필터
B280604,오일/첨가제
B280605,와이퍼
B280606,워셔액
B280607,자동차보수용품
B280608,자동차소모품
B280609,자동차제설용품
B280610,페인트류
B280701,세차도구
B280702,세차케미칼류
B280801,자동차방향제
B280802,자동차소취제
B280901,미러류
B280902,실내수납용품
B280903,실내편의용품
B280904,쿠션류
B280905,핸들커버
B280906,햇빛차단용품
B281001,오토캠핑용품
B281002,걸이형장식품
B281003,봉제장식품
B281004,실내수납용품
B281101,거치대
B281102,기타케이블
B281103,온라인휴대폰용품
B281104,충전기
B281105,핸즈프리용품
B281106,휴대폰기타용품
B281201,소형가전
B281202,온라인장착용품
B281203,외부의류
B281204,타이어
B281205,오토바이ACC
B281301,오토바이ACC
B290101,이지편집
B290102,여성편집
B290103,SPICY 편집
B290201,여성피혁
B290202,일반브랜드
B290301,SPA
B290302,유니섹스
B290303,스타일리쉬
B290304,진캐주얼
B290305,이지행사
B290306,이지캐주얼
B290401,영컨셉
B290402,미시
B290403,마담
B290404,여성행사
B290405,여성캐주얼
B300101,셔츠
B300102,캐릭터정장
B300103,포말정장
B300201,타운캐주얼
B300202,골프캐주얼
B300203,시즌행사
B300301,SPA
B300401,비즈니스
B300402,남성캐주얼
B300501,정장행사
B300502,캐주얼행사
B300503,오렌지팩토리행사
B300504,브랜드직매입행사
B300601,교복
B310101,유아브랜드
B310102,유아온라인
B310103,유아NB
B310104,유아내의
B310201,컨셉편집
B310202,카테고리킬러
B310301,토들러
B310302,키즈
B310303,주니어
B310304,아동행사
B310305,아동토들러
B310306,아동키즈
B310307,아동주니어
B310401,아동행사
B310501,유아용품
B310502,아동용품
B320101,유아용품
B320102,수유용품
B320103,위생용품
B320104,유아완구
B320105,발육기
B320106,유아잡화
B320107,안전용품
B320201,유아토들러내의
B320202,유아토들러상의
B320203,유아토들러상하복
B320204,유아토들러아우터
B320205,유아토들러하의
B320301,주니어스포츠상의
B320302,주니어스포츠상하복
B320303,주니어스포츠아우터
B320304,주니어스포츠하의
B320401,주니어상의
B320402,주니어상하복
B320403,주니어아우터
B320404,주니어하의
B320501,유아PB
B320502,토들러PB
B320503,아동PB
B320601,유아NPB
B320602,토들러NPB
B320603,아동NPB
B320701,유아특정
B330101,남성내의
B330102,여성내의
B330103,내의기획
B330104,온라인 성인내의
B330201,팬티
B330202,브라
B330203,기능성란제리
B330204,란쥬
B330205,쥬니어란제리
B330206,심리스란제리
B330207,란제리 기획
B330301,신사양말
B330302,숙녀양말
B330303,아동양말
B330304,주니어양말
B330305,양말행사
B330306,양말선물세트
B330307,온라인 양말
B330401,남성홈웨어
B330402,여성홈웨어
B330403,홈웨어 기획
B330404,아동홈웨어
B330405,여성잠옷
B330501,스타킹기획
B330502,일반스타킹
B330503,타이즈
B330504,삭스
B330505,덧신
B330601,내의
B330602,란제리
B330603,홈웨어
B330604,양말
B330605,SHOP 기획
B330701,아동내의 기획
B330702,주니어내의 기획
B330703,남아내의
B330704,여아내의
B330705,남주니어내의
B330706,여주니어내의
B330801,내의기타행사
B330802,란제리행사
B330803,홈웨어행사
B340101,남성화장수
B340102,여성화장수
B340103,기능성화장품
B340104,크린싱/맛사지
B340105,색조화장품
B340106,헤어/바디케어
B340107,온라인 화장품
B340201,미용소품
B340202,미용대품
B340301,수입브랜드
B340302,아로마용품
B340303,온라인 수입브랜드
B340401,남성화장수
B340402,여성화장수
B340403,기능성화장품
B340404,크린싱/맛사지
B340405,색조화장품
B340406,헤어/바디케어
B340407,중저가화장품기타
B340408,바디용품
B340409,헤어용품
B340410,기타아로마용품
B350101,스키장비
B350102,스키잡화
B350103,스키복
B350201,등산복
B350202,등산용품
B350203,아웃도어용품
B350204,온라인 등산
B350301,낚시대
B350302,낚시잡화
B350401,여성수영복
B350402,남성수영복
B350403,아동수영복
B350404,수영용품
B350405,헬스복
B350406,온라인 수영복
B350501,브랜드
B350502,스키/보드장비
B350503,스키/보드용품
B350504,스키/보드의류
B350601,브랜드
B350602,물놀이용품
B350603,패션수영복
B350604,워터스포츠용품
B350701,브랜드웨어
B350702,등산웨어
B350703,트레이닝웨어
B360101,인라인스케이트
B360102,스케이트보드
B360103,킥보드
B360104,기타롤러용품
B360105,인라인스케이트
B360106,보드류
B360107,롤러보드용품
B360201,축구용품
B360202,야구용품
B360203,농구용품
B360204,배구용품
B360205,테니스/배드민턴
B360206,탁구용품
B360207,기타구기용품
B360208,팀유니폼
B360301,헬스기구
B360302,헬스용품
B360303,웨이트용품
B360304,피트니스용품
B360305,측정용품
B360306,보호대용품
B360307,기타헬스용품
B360308,투기용품
B360401,MTB자전거
B360402,일반자전거
B360403,아동자전거
B360404,자전거용품
B360405,일반자전거
B360406,전문자전거
B360407,아동자전거
B360501,스포츠장갑
B360502,스포츠모자
B360503,스포츠양말
B360504,스포츠가방
B360505,기타스포츠ACC
B360506,스포츠잡화
B360601,배드민턴용품
B360602,테니스용품
B360603,탁구용품
B360701,안마용품
B360702,보행용품
B360703,생활용품
B360704,침실용품
B360801,브랜드
B360802,기능성의류
B370101,김밥
B370102,라면
B370103,분식기타
B370104,칼국수
B370201,스테이크
B370202,양식기타
B370203,양식돈까스
B370204,철판볶음밥
B370301,모밀
B370302,우동
B370303,일식돈까스
B370304,일식종합
B370305,초밥
B370306,회덮밥
B370401,만두
B370402,볶음밥
B370403,중식SET
B370404,중식기타
B370405,짜장
B370406,짬뽕
B370407,탕수육
B370501,냉면
B370502,비빔밥
B370503,쌈밥
B370504,찌게
B370505,탕류
B370506,한식기타
B370601,기타F/F
B370701,피자레스토랑
B370702,뷔페레스토랑
B370703,한식레스토랑
B370704,중식레스토랑
B370705,일식레스토랑
B370706,양식레스토랑
B370707,기타레스토랑
B370801,커피
B370802,생과일
B370803,아이스크림
B370901,음료/디저트
B370902,분식
B370903,양식
B370904,일식
B370905,중식
B370906,한식
B371001,푸드엠파이어
B371002,푸드하우스
B371003,푸드캐피탈
B380101,포장해초류
B380102,미역
B380103,파래
B380104,매생이
B380105,톳
B380106,다시마
B380107,기타해초류
B380201,생나물
B380202,도라지
B380203,건나물
B380204,삶은나물
B380205,해초
B380206,고사리
B380207,취나물
B380208,기타나물
B380301,콩나물
B380302,숙주나물
B380303,국산콩나물
B380304,수입콩나물
B380305,풀무원콩나물
B380306,대상종가집콩나물
B380307,씨제이콩나물
B380401,두부
B380402,가공두부
B380403,겸용두부
B380404,부침두부
B380405,연두부
B380406,찌개두부
B380407,풀무원두부
B380408,대상종가집두부
B380409,씨제이두부
B380501,샐러드
B380502,간편양념
B380503,간편구색
B380504,드레싱
B380601,묵
B380602,풀무원 묵
B380603,대상종가집 묵
B380701,즉석참기름
B380801,묵
B380802,즉석참기름
B390101,양문형냉장고
B390102,중형냉장고
B390103,기능성냉장고
B390104,소형냉장고
B390201,드럼형세탁기
B390202,일반세탁기
B390301,LED TV
B390302,TV 의류
B390401,DVD
B390501,미니컴포넌트
B390502,포터블카세트
B390601,국산홈시어터
B390701,뚜껑식김치냉장고
B390702,스탠드형김치냉장고
B400101,포트형정수기
B400201,공기청정기
B400301,스탠드형에어컨
B400302,멀티형에어컨
B400303,벽걸이형에어컨
B400401,일반선풍기
B400402,미니선풍기
B400403,벽걸이선풍기
B400501,전기스토브
B400502,원적외선히터
B400503,온풍기
B400504,선풍기형히터
B400505,기타
B400601,전기요
B400602,전기장판
B400603,전기매트
B400701,초음파가습기
B400702,가열식가습기
B400703,복합식가습기
B400704,보틀형가습기
B400705,자연식가습기
B400801,비데
B400802,치솔살균기
B400803,안마의자
B400804,전기안마기
B400805,찜질팩
B400806,건강소품
B400807,체온계
B410101,일반밥솥
B410102,압력밥솥
B410201,웰빙가전
B410301,핸디형청소기
B410302,일반진공청소기
B410303,업소용청소기
B410304,로봇청소기
B410305,스팀청소기
B410306,살균청소기
B410307,청소기소품
B410401,전기포트
B410501,믹서기
B410601,다리미
B410602,드라이어
B410603,헤어스타일러
B410604,온라인 생활소형가전
B410605,DIY가전
B410701,커피메이커/머신
B410702,토스터기
B410801,살균건조기/세척기
B410802,웰빙가전
B410803,조리가전
B410804,기타소모품
B410901,전자레인지
B410902,오븐레인지
B410903,가스/전기레인지
B420101,의류
B420201,카메라소품
B420202,디지털카메라
B420203,기타 카메라
B420301,유선전화기
B420302,유무선전화기
B420401,이동통신소품
B420501,데스크탑
B420502,노트북
B420503,모니터
B420504,타블릿PC
B420601,키보드
B420602,마우스
B420603,스피커
B420604,기타주변기기
B420605,잉크
B420606,화상카메라
B420607,기타소모품
B420608,프린터
B420609,복합기
B420610,컴퓨터소품
B420611,메모리
B420612,잉크
B420701,남성용면도기
B420702,전기면도기
B420801,전동칫솔
B420802,기타
B420901,네비게이션
B420902,의류
B421001,녹음기/라디오
B421002,의류
B421003,기타
B421101,전자악기
B421201,MP3
B421301,전자사전
B430101,어묵
B430102,맛살
B430103,유부
B430104,곤약
B430105,김밥재료묶음
B430201,냉장면
B430202,냉장떡
B430301,햄
B430302,소시지
B430303,햄세트
B430401,단무지
B430402,포장김치
B430403,냉장간편식
B430404,냉장장류
B430405,온라인 냉장반찬
B430501,물만두
B430502,군만두
B430503,손찜만두
B430504,교자만두
B430505,만두피
B430601,냉동튀김
B430602,냉동부침/구이
B430603,온라인냉동간식
B430604,기타냉동반찬
B430701,냉동간식
B430702,냉동면
B430703,냉동간편식
B430801,얼음
B430802,홈아이스
B430803,튜브/컵아이스
B430804,바아이스
B430805,과자아이스
B430806,행사아이스
B430807,콘아이스
B430901,라운드햄
B430902,베이컨
B430903,사각햄
B430904,슬라이스햄
B430905,원물형태햄
B431001,비엔나소시지
B431002,일반소시지
B431003,후랑크소시지
B431101,냉장햄세트
B440101,드레스화브랜드
B440102,드레스화브랜드행사
B440201,캐주얼화브랜드
B440202,캐주얼화브랜드행사
B440301,아동화브랜드
B440302,아동화브랜드행사
B440401,슈즈행사
B440501,남성드레스화
B440502,남성세미드레스화
B440503,남성캐주얼화
B440601,여성정장화
B440602,여성캐주얼화
B440603,여성편리화
B440604,여성샌들
B440605,여성부츠
B440701,슬리퍼
B440702,실내화
B440703,남성샌들
B440704,여성샌들
B440801,NB구두
B440802,온라인 NB구두
B440901,성인운동화
B440902,아동운동화
B450101,14K
B450102,준보석행사
B450103,준보석브랜드
B450104,일반준보석
B450105,금
B450201,시계브랜드
B450202,시계편집
B450203,일반시계
B450204,벽/탁상시계
B450205,브랜드
B450206,아동시계
B450301,헤어악세사리
B450302,의류브랜드
B450303,의류편집
B450304,선글라스브랜드
B450305,선글라스편집
B450306,성인일반악세사리
B450307,성인헤어악세사리
B450308,아동헤어악세사리
B450309,아동일반악세사리
B450310,기타악세사리
B450311,악세서리행사
B450312,선글라스
B450401,피혁브랜드
B450402,명품브랜드
B450501,여행가방브랜드
B450502,캐주얼가방브랜드
B450601,멀티샵브랜드
B450602,캐릭터브랜드
B450701,의류행사
B450702,피혁행사
B450703,명품행사
B450704,선글라스행사
B450801,여성지갑
B450802,남성지갑
B450803,아동지갑
B450804,기타지갑
B450901,여성벨트
B450902,남성벨트
B450903,아동벨트
B450904,기타벨트
B451001,합피핸드백
B451002,천핸드백
B451101,여행가방
B451102,서류가방
B451103,학생가방
B451104,기타가방
B451105,캐주얼가방
B451106,아동가방
B451107,여행용품
B451108,가방NB
B451201,토탈기타잡화
B451202,피혁NB
B451203,명품
B451301,아동모자
B451302,선캡
B451303,성인야구모
B451304,성인벙거지
B451305,헤드웨어
B451401,우산
B451402,양산
B451403,우의
B451404,장화
B451501,스카프
B451502,머플러
B451503,워머
B451504,손수건
B451505,기타잡화
B451601,아동장갑
B451602,가죽장갑
B451603,캐주얼장갑
B451701,시즌샵
B451702,시즌행사
B451801,성인썬글라스
B451802,아동썬글라스
B451803,온라인 썬글라스
B451901,여행용품
B460101,일반한우
B460102,한우 선물세트
B460103,브랜드한우
B460104,PB 한우
B460105,PB 한우 선물세트
B460106,순한한우
B460201,미국산 냉장 소고기
B460202,미국산 냉동 소고기
B460203,호주산 냉장 소고기
B460204,호주산 냉동 소고기
B460205,수입육 선물세트
B460206,PB 수입 소고기
B460207,PB 수입소고기 선물세트
B460208,수입 돼지고기
B460209,기타 수입육
B460301,한우곰거리
B460302,한우등심
B460303,한우안심
B460304,한우양지
B460305,한우정육
B460306,한우채끝
B460307,한우특수부위
B460308,한우규격
B460401,한우냉동선물세트
B460402,한우냉장선물세트
B460501,산지한우
B460502,순한한우
B460503,진심한우
B470101,냉동계육
B470102,오골계
B470103,훈제계육
B470104,일반닭
B470105,토종닭
B470106,닭부분육
B470107,오리
B470108,기타육
B470201,PB 계란
B470202,일반란
B470203,차별화계란
B470204,기타란
B470301,일반오리
B470302,훈제오리
B480101,양념육
B480102,HMR
B480103,육가공품
B480201,PB 돼지고기
B480202,NB 돼지고기
B480203,차별화돼지고기
B480301,NB돼지고기
B480302,PB돼지고기
B480303,소포장팩
B480401,기능성웰빙돼지고기
B480402,품종차별화돼지고기
B480501,온라인돼지고기
B490101,마담/어덜트상의
B490102,마담/어덜트하의
B490103,마담/어덜트원피스
B490104,마담/어덜트아우터
B490105,마담/어덜트특정
B490201,미시캐주얼상의
B490202,미시캐주얼하의
B490203,미시캐주얼원피스
B490204,미시캐주얼아우터
B490301,여성베이직상의
B490401,여성이지캐주얼상의
B490402,여성이지캐주얼하의
B490403,여성이지캐주얼원피스
B490404,여성이지캐주얼아우터
B490501,미시캐쥬얼PB
B490502,어덜트캐쥬얼PB
B490503,이지여성PB
B490601,미시캐쥬얼NPB
B490602,어덜트캐쥬얼NPB
B490603,이지여성NPB
B490701,미시캐쥬얼특정
B490702,어덜트캐쥬얼특정
B500101,남성병행수입
B500102,여성병행수입
B500103,아동병행수입
B500201,남성베이직상의
B500301,남성스포츠상의
B500302,남성스포츠하의
B500303,남성스포츠아우터
B500401,남성어덜트캐주얼상의
B500402,남성어덜트캐주얼하의
B500403,남성어덜트캐주얼아우터
B500501,남성이지캐주얼상의
B500502,남성이지캐주얼하의
B500503,남성이지캐주얼아우터
B500601,어덜트PB
B500602,비지니스PB
B500603,스포츠PB
B500604,남성캐주얼PB
B500701,비즈니스NPB
B500702,남성캐주얼NPB
B500801,비지니스특정
B510101,에스마켓
B510201,브랜드 기획
B510202,브랜드
B510203,브랜드행사
B510301,브랜드
B510302,골프클럽
B510303,골프공
B510304,골프장갑
B510305,골프소품
B510306,골프의류
B510307,골프클럽
B510308,골프용품
B510309,기타골프용품
B510401,브랜드직매입
B510402,미입점행사
B510501,브랜드
B510502,미입점행사
B510503,브랜드기획
B520101,사과
B520102,배
B520103,감귤
B520104,포도
B520105,감
B520106,복숭아
B520107,자두
B520108,기타국산과일
B520109,밤
B520110,온라인 국산과일
B520201,참외
B520202,수박
B520203,딸기
B520204,토마토
B520205,메론
B520301,배세트
B520302,혼합세트
B520303,사과세트
B520304,기타과일세트
B520305,PB세트
B520306,친환경과일선물세트
B520401,친환경포도
B520402,친환경딸기
B520403,친환경배
B520404,친환경메론
B520405,친환경복숭아
B520406,친환경사과
B520407,친환경토마토
B520408,친환경자두
B520409,친환경감귤
B520410,친환경참외
B520411,친환경감
B520412,친환경참다래
B520413,친환경건과
B520414,GAP감귤
B520415,친환경기타과일
B520501,PB감귤
B520502,감귤기타
B520503,노지감귤
B520504,레드향
B520505,천혜향
B520506,하우스감귤
B520507,한라봉
B520508,황금향
B520601,PB감
B520602,규격감기타
B520603,단감
B520604,대봉시
B520605,비규격감기타
B520606,홍시
B520701,복숭아기타
B520702,부드러운복숭아
B520703,아삭한복숭아
B520704,천도복숭아
B520801,대석자두
B520802,자두기타
B520803,포모사
B520901,PB토마토
B520902,방울토마토
B520903,완숙토마토
B520904,찰토마토
B520905,토마토기타
B521001,거봉포도
B521002,델라웨어포도
B521003,머루포도
B521004,캠벨포도
B521005,포도기타
B521101,PB참외
B521102,참외
B521201,PB수박
B521202,수박기타
B521203,씨없는수박
B521204,유명산지수박
B521205,일반수박
B521206,컬러수박
B521301,딸기
B521302,산딸기
B521401,PB메론
B521402,머스크메론
B521403,메론기타
B530101,키위세트
B530102,기타수입과일세트
B530201,오렌지
B530202,자몽
B530203,레몬
B530301,아보가도
B530302,기타과일
B530303,쇼케이스과일
B530304,망고스틴
B530305,수입메론
B530306,야자
B530307,용과
B530308,블루베리
B530401,바나나
B530402,파인애플
B530403,망고
B530501,참다래
B530502,키위
B530503,석류
B530601,체리
B530602,수입포도
B530701,오렌지과일선물세트
B530801,기타오렌지
B530802,남아공오렌지
B530803,미국고당도오렌지
B530804,미국일반오렌지
B530805,칠레오렌지
B530901,남아공자몽
B530902,미국자몽
B530903,이스라엘자몽
B531001,간편과일
B531002,기타오렌지과일
B531101,미국석류
B531201,북미레몬
B531202,칠레레몬
B540101,초밥
B540102,회재료
B540103,활어회
B540104,일반회
B540105,참치회
B540106,장어류
B540107,모둠회
B540108,시즌회
B540109,연어회
B540110,홍어회
B540201,조개류
B540202,조개살
B540203,연체류
B540204,새우류
B540301,규격 RTC
B540302,간편조리행사
B540401,모둠초밥
B540402,활어초밥
B540501,회재료
B540502,장어류
B550101,땅콩
B550102,대추
B550103,호두
B550104,잣
B550105,곶감
B550106,은행
B550107,건과기타
B550108,건과선물세트
B550109,건과일
B550110,과일칩
B550111,마카다미아
B550112,믹스넛
B550113,시즈닝견과
B550114,피스타치오
B550115,하루견과
B550116,요리용견과
B550117,캐슈넛
B550118,친환경건과
B550119,블루베리
B550120,아몬드
B550201,친환경쌈채소
B550202,친환경엽채소
B550203,친환경뿌리채소
B550204,친환경열매채소
B550205,친환경샐러드채소
B550206,친환경양념채소
B550301,인삼세트
B550302,한방세트
B550303,견과선물세트
B550304,양념류선물세트
B550305,온라인 선물세트
B550306,약용버섯세트
B550307,더덕세트
B550308,혼합세트
B550401,냉동가공과일
B550402,냉동가공채소
B550403,냉동가공양곡
B550501,한방식재
B550502,한방재
B550503,한방차
B550601,한방식재
B550602,간편한방식재
B550701,한차
B550702,허브
B560101,도시락
B560102,김밥
B560103,초밥
B560201,한식
B560202,아시안
B560203,음료
B560204,양식
B560301,초밥
B560302,김밥/롤
B560401,도시락
B560402,샌드위치
B560501,샐러드
B560502,요리
B570101,미숫가루
B570102,일반선식
B570103,기타선식
B570201,멥쌀떡
B570202,찰떡
B570203,기타떡
B570204,일반떡
B570205,요리떡
B570206,전통과자
B570301,족발
B570302,순대
B580101,즉석족발
B580102,냉장족발
B580201,일반순대
B580202,요리순대
B590101,단무지류
B590201,포장반찬
B590301,김치류
B590401,즉석반찬
B590402,밑반찬
B590501,포장젓갈
B600101,젓갈류
B610101,식사류
B610102,FAST FOOD
B610103,디저트류
B610201,식사대용
B610202,전통간식
B620101,식빵
B620102,과자빵
B620103,바게트
B620104,케익
B620105,선물류
B620106,페스츄리류
B620107,온라인베이커리
B620201,오븐베이크류
B620202,피자
B630101,김치행사
B630102,반찬행사
B630103,젓갈행사
B630201,강정행사
B630202,떡행사
B630203,한과행사
B630301,동양식
B630302,양식
B630303,지역맛집
B630304,한식
B630305,행사기타
B630401,반찬류행사
B630402,일반간식류행사
B630501,강정행사
B630502,한과행사
B630601,테마먹거리
B630602,브랜드먹거리
B630701,즉석쥐포
B630702,즉석오징어
B630703,즉석어포
B630801,즉석김자반
B630802,즉석김
B630901,미역특산물
B630902,멸치특산물
B630903,김특산물
B640101,블루베리(기타)
B640102,칠레블루베리
B640201,미국 체리
B640202,체리 기타
B640301,미국기타포도
B640302,미국적포도
B640303,미국청포도
B640304,미국혼합포도
B640305,칠레기타포도
B640306,칠레적포도
B640307,칠레청포도
B640308,칠레혼합포도
B640309,페루기타포도
B640310,페루적포도
B640311,페루청포도
B640401,곶감
B640402,곶감세트
B640403,냉동기타과일
B640404,냉동블루베리
B640405,냉동열대과일
B640406,냉동채소
B650101,망고스틴
B650102,메론기타
B650103,아보카도
B650104,야자
B650105,용과
B650106,허니듀메론
B650201,PB바나나
B650202,고당도바나나
B650203,기타바나나
B650204,일반바나나
B650301,기타파인애플
B650302,필리핀파인애플
B650401,기타망고
B650402,대만애플망고
B650403,태국망고
B650404,필리핀망고
B650501,국산골드키위
B650502,국산그린키위
B650503,기타키위
B650504,뉴질랜드골드키위
B650505,뉴질랜드그린키위
B650506,이탈리아골드키위
B650507,이탈리아그린키위
B650508,칠레골드키위
B650509,칠레그린키위
B650601,열대과일선물세트
B660101,남성바디케어
B660102,남성헤어케어
B660103,남성훼이셜케어
B660104,면도기
B660105,면도보조용품
B660201,의약외품
B660301,기타 바디케어
B660302,미용비누
B660303,바디스킨케어
B660304,바디클린져
B660305,핸드워시
B660401,마스크팩
B660402,성인스킨케어
B660403,온라인스킨케어
B660404,코스메슈티컬
B660405,틴스킨케어
B660406,훼이셜클렌저
B660501,베이비스킨케어
B660502,베이비클렌저
B660503,임산부케어
B660601,네일케어
B660602,풋케어
B660603,핸드케어
B660701,기타미용소품
B660702,메이크업브러쉬
B660703,메탈
B660704,분첩
B660705,여행용품
B660706,용기
B660707,클렌징
B660708,헤어브러쉬/거울
B660709,헤어용품
B660710,화장솜/면봉
B660801,디퓨져
B660802,방향제
B660803,입욕제
B660804,향수
B660805,향초
B670101,VIC피자
B670102,일마레
B670103,엠디월드
B670104,보네스빼
B670201,떡볶이
B670202,튀김
B670203,누들
B670204,도넛/햄버거
B670205,만두
B670206,밥류
B670207,가스류
B670208,볶음류
B670301,베이커리 디저트
B670302,음료
B670303,아이스크림
B670304,일마레피자
B670305,엠디월드피자
B670306,보네스빼피자
B670307,피자헛익스프레스
B670401,피자
B670402,보네스빼
B670403,빠뮤
B670404,VIC마켓피자
B670405,VIC베이커리
B680101,비즈니스양말
B680102,캐주얼양말
B680103,스포츠양말
B680104,기능성양말
B680105,스니커즈
B680106,남성양말기획
B680107,링크스양말
B680108,발가락양말
B680109,망사양말
B680110,남성묶음양말
B680201,캐주얼양말
B680202,스포츠양말
B680203,스니커즈
B680204,정장양말
B680205,반장
B680206,면타이즈
B680207,여성묶음양말
B680208,여성양말기획
B680209,여성발가락
B680210,수면양말
B680301,아동캐주얼
B680302,베이비양말
B680303,아동반장
B680304,아동타이즈
B680305,아동스니커즈
B680306,아동양말기획
B680307,아동묶음양말
B680308,아동수면양말
B680401,덧신기획
B680402,여성스타킹덧신
B680403,여성면덧신
B680404,여성양말덧신
B680405,남성양말덧신
B680406,아동실내덧신
B680407,성인실내덧신
B680501,남주니어양말
B680502,여주니어양말
B680503,주니어캐릭터
B680601,남성양말선물세트
B680602,여성양말선물세트
B680603,아동양말선물세트
B680701,온라인양말
B680801,양말행사
B680802,아동기타행사
B680803,란제리행사
B680804,홈웨어행사
B680805,내의기타행사
B690101,바캉스슈즈
B690102,방한슈즈
B690103,병행수입시즌슈즈
B690201,런닝화
B690202,스니커즈
B690203,등산화
B690204,슬리퍼
B690205,병행수입스포츠슈즈
B690301,아동구두
B690302,아동운동화
B690303,아동실내화
B690304,아동시즌슈즈
B690305,병행수입아동슈즈
B690401,캐주얼단화
B690402,캐주얼샌들
B690403,캐주얼부츠
B690404,드레스화
B690501,슈케어용품
B690502,풋케어용품
B700101,여성벨트
B700102,남성벨트
B700103,지갑
B700201,서류가방
B700202,학생가방
B700203,캐주얼가방
B700204,아동가방
B700205,온라인가방
B700301,여행가방
B700302,여행용품
B700401,아동모
B700402,시즌모
B700403,야구모
B700404,벙거지
B700405,헤드웨어
B700501,우산
B700502,양산
B700503,우의
B700504,장화
B700601,스카프
B700602,머플러
B700603,워머
B700604,시즌소품
B700701,아동장갑
B700702,가죽장갑
B700703,캐주얼장갑
B700704,모장갑
B710101,브랜드
B710102,미입점행사
B710103,온라인브랜드
B710201,등산의류
B710202,등산화
B710203,등산배낭
B710204,등산소품
B710301,캠핑취사용품
B710302,캠핑퍼니처용품
B710303,캠핑텐트류
B710304,캠핑소품
B720101,보리류
B720102,슈퍼푸드잡곡류
B720103,잡곡기타
B720104,찰현미류
B720105,찹쌀류
B720106,친환경잡곡
B720107,콩류
B720108,현미류
B720109,혼합잡곡
B720110,흑미류
B720201,곡물스낵
B720202,기타선식
B720203,다이어트대용식
B720204,미숫가루
B720205,볶은통곡물
B720206,일반선식
B720207,하루한끼선식
B720301,온라인잡곡류
B730101,볶음/무침반찬
B730102,절임반찬
B730103,조림반찬
B730104,포장젓갈
B730201,냉동디저트HMR
B730202,수입냉동식사
B730203,냉동식사HMR
B730204,냉동면
B730205,냉동밥
B730301,디저트
B730302,냉장간편식
B730303,냉장장류
B730304,온라인냉장반찬HMR
B730401,냉장떡
B730402,냉장면류
B740101,봉지라면
B740102,컵라면
B740201,국수
B740202,당면
B740203,수입면류
B740204,숙면
B740301,3분요리류
B740302,분말조리식
B740401,즉석 죽/스프/누룽지
B740402,즉석밥류
B740403,컵밥류
B740501,식빵
B740502,일반빵
B740503,찐빵
B740601,어린이시리얼
B740602,온라인시리얼
B740603,일반시리얼
B740604,체중조절용시리얼
B750101,단일비타민
B750102,발포비타민
B750103,종합비타민
B750201,기타기능건강
B750202,뼈건강
B750203,온라인기능성건강
B750204,프로바이틱스
B750205,헬스건강
B750206,혈행개선
B750301,전통건강식품
B750302,홍삼농축액
B750303,홍삼즙
B750304,홍삼첨가식품
B750401,국산담배
B750402,수입담배
B750501,건강기능성선물세트
B750502,홍삼선물세트
B760101,수입생물연어
B760102,수입냉동연어
B760201,수입냉동고등어
B760202,수입고등어자반
B760301,수입냉동갈치
B760401,랍스터
B760402,킹크랩
B760403,대게
B760404,수입기타게
B760501,수입꽁치
B760502,수입가자미
B760503,수입임연수어
B760504,수입명태
B760505,수입구색생선
B770101,냉동규격전감
B770102,냉동기타규격생선
B770103,냉동규격연어
B770201,냉동규격연체류
B770202,냉동규격날치알
B770203,냉동규격새우
B770204,냉동규격패류
B770301,규격갈치선물세트
B770302,규격옥돔선물세트
B770303,규격고등어선물세트
B770304,규격기타생선선물세트
B770401,냉장규격연어
B770402,냉장규격고등어
B770403,냉장규격기타생선
B770501,온라인규격생선
B770601,찌개/탕(냉장)
B770602,볶음류(냉장)
B770603,규격소스류
B770701,즉석탕행사
B770702,즉석볶음행사
B780101,국산굴비
B780102,수입굴비
B780201,과메기
B780202,기타반건생선
B780203,반건가자미
B780204,반건갈치
B780205,반건고등어
B780206,반건오징어
B780207,반건임연수어
B780208,반건제수생선
B780209,코다리
B780301,굴비세트
B790101,기타해초류
B790102,다시마
B790103,매생이
B790104,미역
B790105,톳
B790106,파래
B790107,포장해초류
B790201,개조개
B790202,골뱅이
B790203,기타조개
B790204,꼬막
B790205,모시조개
B790206,바지락
B790207,생합
B790208,석화
B790209,소라
B790210,전복
B790211,키조개
B790212,피홍합
B790301,곤이
B790302,관자살
B790303,기타조개살
B790304,논우렁살
B790305,멍게
B790306,명태알
B790307,미더덕
B790308,바지락살
B790309,새우살
B790310,생굴
B790311,오만둥이
B790312,해삼
B790313,홍합살
B790401,갑오징어
B790402,기타연체류
B790403,낙지
B790404,문어
B790405,주꾸미
B790406,해파리
B790501,기타새우
B790502,블랙타이거
B790503,흰다리새우
B790601,기타해물선물세트
B790602,전복선물세트
B790701,온라인해물연체류
B800101,김특산물
B800102,멸치특산물
B800103,미역특산물
B800201,국물용멸치
B800202,볶음용멸치
B800203,볶음조림용멸치
B800204,새우홍합
B800301,국물팩
B800302,어간장
B800303,원물가루
B800401,황태채
B800402,황태포
B800501,다시마
B800502,미역
B800601,멸치세트
B810101,즉석김
B810102,즉석김자반
B810201,김밥김
B810202,마른김
B810301,식탁김
B810302,외국인특화김
B810303,전장김
B810401,김가공품
B810402,김자반
B810403,부각
B810501,김선물세트
B820101,미국산냉동소고기
B820102,미국산초이스등급소고기
B820103,미국산프라임등급소고기
B820201,호주산곡물비육
B820202,호주산냉동소고기
B820203,호주산목초비육
B820204,호주산와규
B820205,호주산흑소
B820301,수입냉동선물세트
B820302,수입냉장선물세트
B820401,맥시코산돼지고기
B820402,미국산돼지고기
B820403,유럽산돼지고기
B820404,호주산돼지고기
B820501,뉴질랜드산소고기
B820502,수입산양고기
B820503,기타국소고기
B820504,캐나다산소고기
B830101,닭/오리양념육
B830102,돼지양념육
B830103,소양념육
B830104,냉동양념육
B830201,돈가스
B830202,소시지
B830203,스테이크
B830204,햄류
B830205,냉동육가공품
B840101,생활도자기
B840102,브랜드도자기
B840103,수저
B840104,컵
B840105,텀블러
B840106,제빵용품
B840107,커피/티용품
B840108,테이블장식용품
B840109,온라인그릇/수저
B840201,유아수저
B840202,유아그릇
B840203,유아물병
B840301,체/바구니
B840302,프라이팬
B840303,냄비
B840304,뚝배기
B840305,압력솥
B840306,간편조리용기
B840307,곰솥/들통
B840308,주전자
B840309,믹싱볼/양푼
B840310,온라인조리용기
B840401,보조조리도구
B840402,주방가위
B840403,식과도
B840404,도마
B840405,쟁반
B840406,체/바구니
B850101,밥솥
B850102,청소기
B850103,믹서기
B850104,전기포트
B850105,토스터기
B850106,다리미
B850107,조리가전
B850108,이미용기
B850201,선풍기
B850202,히터기
B850203,전기요/장판
B850204,건강가전
B860101,거실화
B860102,타월
B860103,패브릭욕실매트
B860201,다용도매트
B860202,베란다/놀이방매트
B860203,싱크매트
B860301,프리미엄다용도매트
B860302,프리미엄싱크매트
B860401,발판
B860402,변기커버
B860403,샤워커튼
B860404,샤워타월
B860405,욕실소품
B860406,욕실화
B860501,욕실수납용품
B860601,메탈호스
B860602,샤워헤드
B860603,수전
B870101,등기구
B870102,랜턴류
B870103,방등거실등
B870104,장식스탠드
B870105,학습용스탠드
B870201,LED램프
B870202,특수램프
B870203,형광램프
B870301,멀티탭
B870302,전기재료
B870401,도어락
B870402,보안용품
B870403,유아안전용품
B870404,화재안전용품
B870501,가정보수용품
B870502,에너지절약용품
B870503,접착제
B870504,페인트
B870505,포장/이사용품
B870601,공구함
B870602,수공구
B870603,전동공구
B870604,철물공구
B870701,건전지
B870702,충전지
B870703,특수전지
B880101,디자인엔
B880102,룸베이
B880103,메종디오르
B880104,바니루이스
B880105,브랜드성인침구3
B880106,애슐리까사
B880201,일반성인침구
B880301,일반아동침구
B880302,캐릭터침구
B890101,메추리알
B890102,브랜드란
B890103,일반란
B890104,차별화계란
B890201,가공계란
B890202,가공메추리알
B900101,남성화장품
B900102,여성화장품
B900103,일반화장품
B900201,기타색조화장품
B900202,네일
B900203,립
B900204,베이스
B900205,블러셔
B900206,아이
B900301,드럭스토어
B900401,온라인화장품
B910101,건고추
B910102,기타양념
B910103,대파
B910104,마늘
B910105,마늘쫑
B910106,생강
B910107,양파
B910108,쪽파
B910109,친환경양념채소
B910201,감자
B910202,고구마
B910203,기타뿌리채소
B910204,당근
B910205,마
B910206,연근
B910207,우엉
B910208,친환경 뿌리채소
B910209,친환경뿌리채소
B910301,온라인뿌리채소
B920101,PB사과
B920102,부사
B920103,사과기타
B920104,아오리사과
B920105,햇사과
B920201,배기타
B920202,신고
B920203,햇배
B920301,배세트
B920302,사과배세트
B920303,사과세트
B920304,친환경과일세트
B920305,혼합세트
B920401,온라인구색과일
B920501,구색과일기타
B920502,국산체리
B920503,매실
B920504,모과
B920505,무화과
B920506,살구
B920507,쇼케이스과일
B920508,유자
B920509,친환경구색과일
B920601,밤기타
B920602,생율
B920603,피밤
C010101,사과
C010102,배
C010103,감
C010104,귤류
C010105,유자/모과
C010106,복숭아
C010107,자두
C010108,살구
C010109,매실
C010110,딸기
C010111,포도
C010112,무화과
C010113,수박
C010114,참외
C010115,메론
C010116,토마토
C010117,방울토마토
C010118,기타국산과일류
C010119,사과선물세트
C010120,배선물세트
C010121,혼합과일선물세트
C010122,기타과일선물세트
C010201,블루베리
C010202,수입포도
C010203,레몬
C010204,망고
C010205,망고스틴
C010206,바나나
C010207,아보카도
C010208,야자
C010209,오렌지
C010210,용과
C010211,자몽
C010212,체리
C010213,키위
C010214,파인애플
C010215,기타수입과일
C010216,간편과일
C010301,냉동망고
C010302,냉동베리류
C010303,냉동홍시
C010304,기타냉동과일류
C010401,곶감
C010402,기타건과일
C010403,곶감선물세트
C010501,밤
C010502,땅콩
C010503,호두
C010504,잣
C010505,피스타치오
C010506,아몬드
C010507,캐슈넛
C010508,혼합견과
C010509,기타견과류
C020101,일반미
C020102,기능성미
C020103,즉석도정미
C020201,보리
C020202,현미
C020203,찹쌀
C020204,흑미
C020205,콩
C020206,조/수수
C020207,혼합잡곡
C020208,기타잡곡류
C020301,미숫가루
C020302,선식
C030101,미나리
C030102,부추
C030103,상추
C030104,시금치
C030105,대파
C030106,쪽파류
C030107,쌈채소류
C030108,쑥갓
C030109,깻잎
C030110,근대/아욱
C030111,기타잎채소
C030201,가지
C030202,고추
C030203,건고추
C030204,오이
C030205,옥수수
C030206,파프리카/피망
C030207,단호박
C030208,애호박
C030209,여주
C030210,기타열매채소
C030301,감자
C030302,고구마
C030303,당근
C030304,생강
C030305,연근
C030306,우엉
C030307,마
C030308,기타뿌리채소
C030309,마늘
C030310,양파
C030311,인삼류
C030312,기타한방약재
C030313,더덕선물세트
C030314,수삼선물세트
C030315,혼합채소선물세트
C030316,한방약재류
C030401,두부류
C030402,연두부류
C030403,묵류
C030404,콩나물
C030405,숙주나물
C030501,무
C030502,열무
C030503,알타리무
C030504,갓
C030505,배추
C030506,봄동
C030507,얼갈이
C030508,절임배추
C030601,느타리버섯류
C030602,새송이버섯류
C030603,양송이버섯류
C030604,송이버섯류
C030605,팽이버섯류
C030606,표고버섯류
C030607,건버섯류
C030608,모둠버섯
C030609,기타버섯류
C030610,버섯선물세트
C030611,약용버섯류
C030701,양배추
C030702,미니양배추
C030703,양상추
C030704,브로콜리
C030705,컬리플라워
C030706,샐러드류
C030707,기타양채류
C030708,원예식물
C030801,생나물류
C030802,삶은나물류
C030803,건나물류
C030804,다시마
C030805,매생이
C030806,미역
C030807,톳
C030808,파래
C030809,기타해초류
C030901,일반계란
C030902,가공계란
C030903,일반메추리알
C030904,가공메추리알
C040101,가자미
C040102,갈치
C040103,고등어
C040104,꽁치
C040105,대구
C040106,도미
C040107,명태
C040108,민어
C040109,조기류
C040110,삼치
C040111,아귀
C040112,연어
C040113,우럭
C040114,은어
C040115,임연수
C040116,전어
C040117,장어
C040118,홍어
C040119,생선알
C040120,오징어
C040121,갑오징어
C040122,한치
C040123,광어회
C040124,우럭회
C040125,참치회
C040126,홍어회
C040127,모듬회
C040201,굴비류
C040202,과메기
C040203,코다리
C040204,반건생선류
C040205,굴비선물세트
C040206,반건생선선물세트
C040207,포장고등어
C040208,포장연어
C040209,포장날치알
C040210,포장새우살
C040211,포장해물류
C040212,대구전감
C040213,명태전감
C040214,생선선물세트
C040215,혼합수산선물세트
C040216,즉석젓갈류
C040301,국물용건멸치
C040302,볶음조림용건멸치
C040303,건새우
C040304,건홍합
C040305,건오징어
C040306,어포류
C040307,황태/북어류
C040308,황태채
C040309,마른김
C040310,건다시마
C040311,건미역
C040401,조미오징어
C040402,훈제/구이오징어
C040403,쥐치포
C040404,원물천연조미료
C040405,조미전장김
C040406,조미도시락김
C040407,김자반/부각/튀각
C040408,멸치선물세트
C040409,김선물세트
C040410,기타건해산물선물세트
C040501,낙지
C040502,문어
C040503,주꾸미
C040504,해파리
C040505,미더덕류
C040506,멍게
C040507,해삼
C040508,꽃게
C040509,대게
C040510,홍게
C040511,랍스터
C040512,킹크랩
C040513,새우
C040514,개조개
C040515,골뱅이
C040516,굴
C040517,꼬막
C040518,대합
C040519,모시조개
C040520,바지락
C040521,생합
C040522,소라
C040523,재첩
C040524,전복
C040525,키조개
C040526,홍합
C040527,우렁이
C040601,기타어류
C040602,기타포장생선
C040603,기타연체류
C040604,기타회
C040605,기타게
C040606,기타조개류
C050101,한우안심
C050102,한우등심
C050103,한우채끝
C050104,한우목심
C050105,한우앞다리
C050106,한우우둔
C050107,한우설도
C050108,한우양지
C050109,한우사태
C050110,한우갈비
C050111,한우부산물
C050112,한우정육
C050113,한우지육
C050114,한우선물세트
C050201,국산돼지안심
C050202,국산돼지등심
C050203,국산돼지등심덧살
C050204,국산돼지목심
C050205,국산돼지앞다리
C050206,국산돼지사태
C050207,국산돼지항정살
C050208,국산돼지뒷다리
C050209,국산돼지삼겹살
C050210,국산돼지갈매기살
C050211,국산돼지등갈비
C050212,국산돼지갈비
C050213,국산돼지부산물
C050301,삼계탕용닭
C050302,볶음탕용닭
C050303,닭다리
C050304,닭가슴살
C050305,닭안심
C050306,닭아랫날개(윙)
C050307,닭윗날개(봉)
C050308,닭근위
C050309,닭정육
C050310,오리고기
C050401,미국산소갈비
C050402,미국산소목심
C050403,미국산소등심
C050404,미국산소앞다리
C050405,미국산소양지
C050406,미국산소토시살
C050407,미국산소기타육
C050408,호주산소갈비
C050409,호주산소목심
C050410,호주산소등심
C050411,호주산소채끝
C050412,호주산소안심
C050413,호주산소설도
C050414,호주산소앞다리
C050415,호주산소양지
C050416,호주산소우둔
C050417,호주산소사태
C050418,호주산소안창살
C050419,호주산소토시살
C050420,호주산소기타육
C050421,수입산소갈비
C050422,수입산소목심
C050423,수입산소사태
C050424,수입소고기선물세트
C050501,수입돼지삼겹살
C050502,수입돼지목심
C050503,수입돼지정육
C050601,닭/오리양념육
C050602,돼지양념육
C050603,소양념육
C050604,기타양념육
C050605,돈가스
C060101,즉석김치류
C060102,즉석조림반찬
C060103,즉석절임반찬
C060104,즉석볶음반찬
C060105,즉석무침반찬
C060106,즉석국탕
C060107,즉석나물/부침
C060108,즉석반찬원부재료
C060201,치킨류
C060202,튀김류
C060203,훈제/로스트
C060204,족발
C060205,즉석어묵
C060206,온장조리원부재료
C060301,김밥
C060302,롤
C060303,삼각김밥
C060304,초밥류
C060305,도시락
C060306,샐러드
C060307,샌드위치
C060308,햄버거
C060309,냉장조리원부재료
C060401,식빵
C060402,일반빵
C060403,호빵찐빵
C060404,식빵류
C060405,페스츄리류
C060406,베이커리일반빵
C060407,선물류
C060501,한과
C060502,피자
C060503,기타온장조리
C060504,기타냉장조리
C060505,요리떡
C060506,일반떡
C070101,일반우유
C070102,기능성우유
C070103,가공우유
C070104,크림/연유
C070201,일반요구르트
C070202,마시는요구르트
C070203,떠먹는요구르트
C070301,버터/마가린
C070302,치즈
C070401,냉장커피차음료
C070402,냉장과일야채음료
C070403,냉장곡물견과음료
C080101,김치류
C080102,단무지
C080103,냉장드레싱
C080201,어묵
C080202,맛살
C080203,곤약
C080204,유부
C080205,김밥재료세트
C080301,햄
C080302,햄선물세트
C080303,베이컨
C080304,소시지
C090101,바아이스크림
C090102,튜브아이스크림
C090103,콘아이스크림
C090104,모나카
C090105,컵아이스크림
C090106,홈아이스크림
C090107,아이스크림케이크
C090108,얼음
C090201,냉동만두
C100101,푸딩/젤리
C100102,빵/케이크
C100103,냉장핫도그/핫바류
C100104,냉장치킨족발류
C100105,냉장국탕류
C100106,냉장안주
C100107,기타냉장간편식
C100201,냉장밥/죽
C100202,냉장면
C100203,냉장떡
C100204,냉장간편떡볶이
C100301,절임반찬
C100302,조림반찬
C100303,볶음반찬
C100304,무침반찬
C100305,젓갈
C100306,냉장장류
C100401,해물찌개/탕
C100402,냉동밥
C100403,냉동면
C100404,냉동피자
C100405,냉동핫도그
C100406,냉동튀김
C100407,냉동부침
C100408,냉동국탕류
C100409,냉동디저트
C100410,냉동떡볶이
C110101,생수
C110201,탄산수
C110202,사이다
C110203,콜라
C110204,혼합탄산
C110205,무알콜맥주
C110301,과일음료
C110302,채소음료
C110303,과채혼합음료
C110304,어린이음료
C110305,과채음료세트
C110401,커피음료
C110402,파우치/즉석음료
C110501,일반차음료
C110502,전통차음료
C110601,스포츠음료
C110602,비타민/에너지음료
C110603,식이섬유음료
C110604,한방음료
C110605,숙취해소음료
C110606,기타기능성음료
C110607,기능성음료세트
C110701,일반두유
C110702,유아두유
C110703,기타음료세트
C120101,일반소주
C120102,칵테일소주
C120103,담금소주
C120201,국산맥주
C120202,수입맥주
C120301,레드와인
C120302,화이트와인
C120303,스파클링와인
C120304,와인세트
C120401,위스키
C120402,브랜디/꼬냑
C120403,리큐르
C120404,기타양주
C120501,막걸리
C120502,청주
C120503,과실주/담금주
C120504,중국술
C120505,일본술
C120506,기타전통주
C120507,전통주세트
C120601,공병/공박스
C130101,채소병통조림
C130102,과일병통조림
C130103,참치통조림
C130104,골뱅이통조림
C130105,꽁치고등어통조림
C130106,연어통조림
C130107,기타수산통조림
C130108,햄통조림
C130109,닭고기통조림
C130110,기타축산통조림
C130111,햄통조림세트
C130112,참치통조림세트
C130113,통조림혼합세트
C130114,연어통조림세트
C130115,과일잼
C130116,스프레드
C130201,티백/드립원두커피
C130202,캡슐원두커피
C130203,분쇄/홀빈원두커피
C130204,스틱원두커피
C130205,용기/리필커피
C130206,믹스커피
C130207,아이스믹스커피
C130208,컵커피차류
C130209,커피크리머
C130210,커피세트
C130301,수입담배
C130302,국산담배
C130401,분유
C130402,이유식
C130403,유아과자
C130404,유아음료
C130501,식수용차
C130502,녹차/홍차
C130503,과실차
C130504,곡물/견과차
C130505,허브/꽃차
C130506,전통/한방차
C130507,코코아
C130508,아이스티
C130509,차세트
C130601,일반비타민
C130602,유산균/프로바이오틱스
C130603,건강보조식품세트
C130604,홍삼세트
C130605,홍삼/인삼혼합세트
C130606,토종꿀
C130607,양봉꿀
C130608,꿀세트
C130701,즉석카레짜장
C130702,즉석덮밥류
C130703,즉석밥
C130704,즉석컵밥
C130705,즉석죽
C130706,즉석스프
C130707,즉석누룽지
C130708,즉석면류
C130709,즉석국/찌개
C130710,기타레토르트
C130711,분말카레짜장
C130712,분말스프
C130801,맛밤류
C130802,안주용육포류
C130803,기타간식/안주형과자
C140101,간장
C140102,된장
C140103,고추장
C140104,쌈장
C140105,기타장류
C140201,콩기름
C140202,옥수수기름
C140203,참기름/들기름
C140204,올리브유
C140205,포도씨유
C140206,카놀라유
C140207,해바라기씨유
C140208,기타식용유
C140209,식용유세트
C140301,소금
C140302,식초
C140303,음용식초
C140304,액젓
C140305,가공조미료
C140306,자연조미료
C140307,액상조미료
C140308,고춧가루
C140309,후추
C140310,겨자/고추냉이
C140311,깨
C140312,허브류
C140313,기타향신료
C140314,기타조미료세트
C140401,케첩
C140402,마요네즈
C140403,상온드레싱
C140404,양념소스
C140405,국물용소스
C140406,파스타소스
C140407,고기양념장
C140501,설탕
C140502,물엿/시럽
C140601,밀가루
C140602,빵가루
C140603,부침가루
C140604,튀김가루
C140605,곡물가루
C140606,기타분말류
C140607,도넛가루/핫케이크가루
C140608,호떡믹스
C140609,빵믹스
C140610,아이스크림믹스
C140611,기타프리믹스
C150101,국물봉지라면
C150102,비빔봉지라면
C150103,국물용기라면
C150201,국수
C150202,당면
C150203,파스타류
C150204,냉면
C150205,쌈/또띠아
C150206,기타건면
C150301,크래커
C150302,쿠키
C150303,샌드
C150304,스틱과자
C150305,쿠키케이크
C150306,파이
C150307,과자세트
C150401,감자스낵
C150402,고구마스낵
C150403,옥수수스낵
C150404,쌀스낵
C150405,일반스낵
C150406,영양바
C150407,팝콘
C150501,일반껌
C150502,기능성껌
C150503,풍선껌
C150504,하드캔디
C150505,소프트캔디
C150506,젤리
C150507,양갱
C150508,캐러멜
C150509,토이캔디
C150510,기능성캔디
C150511,사탕/캔디세트
C150601,판초콜릿
C150602,쉘초콜릿
C150603,바초콜릿
C150604,초콜릿세트
C150701,기타전통과자
C150801,일반시리얼
C150802,기능성시리얼
C160101,분말세탁세제
C160102,액상세탁세제
C160103,세탁비누
C160104,분말표백제
C160105,액상표백제
C160106,부분세탁제
C160107,섬유유연제/향기지속제
C160108,특수용세탁세제
C160201,롤티슈
C160202,각티슈/미용티슈
C160203,물티슈
C160204,키친타올
C160205,냅킨
C160206,유아용물티슈
C160301,일반주방세제
C160302,다목적주방세제
C160303,주방용청소세제
C160304,락스
C160305,곰팡이제거제/차단제
C160306,욕실전용청소세제
C160307,세정제
C160308,광택제
C160309,방향제
C160310,탈취제
C160311,섬유용탈취제
C160312,제습제
C160313,파리/모기살충제
C160314,개미/바퀴살충제
C160315,방충제
C160401,유아용화장품
C160402,유아용샴푸/바디워시
C160403,유아/아동용치약
C160404,유아/아동용칫솔
C160405,유아목욕용품
C160406,유아용기저귀
C160407,유아용세척용품
C160408,젖병소독/건조용품
C160409,젖병/젖꼭지
C160501,아이케어
C160502,크림/밤/오일
C160503,페이셜팩류
C160504,스킨케어세트
C160505,BB/파운데이션/컴팩트류
C160506,마스카라
C160507,립스틱/립라이너
C160508,립글로즈/틴트
C160509,일반네일/케어류
C160510,메탈미용소도구
C160511,메이크업브러쉬
C160512,스폰지/퍼프
C160513,풋케어도구
C160514,면봉/화장솜
C160515,남녀공용향수
C160601,샴푸
C160602,린스/컨디셔너
C160603,샴푸/린스세트
C160604,트리트먼트/팩
C160605,헤어에센스
C160606,헤어스프레이
C160607,헤어무스/젤
C160608,헤어왁스
C160609,염모제
C160701,생리대
C160702,탐폰
C160703,팬티라이너
C160704,성인용기저귀
C160705,성인용일회용팬티
C160801,치약
C160802,칫솔
C160803,전동칫솔/칫솔모
C160804,구강청정제
C160805,기타구강관리용품
C160806,치약/칫솔세트
C160901,선물세트
C160902,여행용세트
C160903,바디워시
C160904,바디보습
C160905,제모용품
C160906,바디패치/팩
C160907,핸드워시/손세정제
C160908,핸드로션/크림
C160909,풋케어
C160910,핸드/풋케어세트
C160911,일회용면도기
C160912,남성용면도기/날
C160913,쉐이빙폼/젤
C160914,여성세정제
C160915,미용비누
C160916,페이셜클렌저
C160917,스킨/토너
C160918,립밤/립스크럽
C160919,선크림류
C160920,안전상비의약외품
C160921,콘돔
C160922,밴드류
C160923,렌즈관리용품
C170101,밥공기
C170102,국그릇
C170103,대접/볼
C170104,접시
C170105,찬기/종지
C170106,반상기세트/홈세트
C170107,제기
C170108,음료용컵
C170109,주류잔
C170110,다기류
C170111,숟가락/젓가락
C170112,포크/나이프
C170113,디저트포크/스푼
C170114,유아동식기/식판
C170115,유아동숟가락/젓가락/포크
C170116,유아동컵/물병
C170117,물병
C170118,과실주병
C170119,보온병/텀블러
C170120,도시락/찬합
C170121,보온도시락
C170122,양념통
C170123,항아리/쌀독류
C170124,반찬통/밀폐용기
C170125,냄비
C170126,뚝배기
C170127,압력솥
C170128,솥
C170129,주전자
C170130,프라이팬
C170131,그릴/구이불판
C170132,주방칼/가위
C170133,채칼/강판/절구
C170134,도마
C170135,국자/뒤지개/주걱
C170136,오프너/와인스크류
C170137,양푼/믹싱볼
C170138,채반/바구니/쟁반
C170139,계량도구
C170140,얼음/빙수용품
C170141,제빵용품
C170142,제면용품
C170143,커피용품
C170144,기타조리도구
C170145,식기건조대/수저통
C170146,주방선반/걸이대
C170147,고무장갑
C170148,수세미/솔
C170149,행주
C170150,호일/랩/기름종이
C170151,지퍼백/비닐백
C170152,비닐장갑
C170153,싱크대/배수구용품
C170154,장바구니
C170155,핸드카트
C170156,교자상/다용도상
C170157,테이블데코
C170158,기타주방정리용품/소모품
C170159,종이컵
C170160,일회용용기
C170161,일회용젓가락/숟가락
C170162,기타주방일회용품
C170201,밀대청소기
C170202,걸레/청소포
C170203,빗자루/쓰레받이
C170204,휴지통
C170205,테이프크리너
C170206,종량제봉투
C170207,기타청소용품
C170208,공간박스
C170209,바구니
C170210,옷걸이
C170211,기타정리용품
C170212,빨래건조대
C170213,다림판
C170214,세탁/건조보조용품
C170215,수건
C170216,목욕타올
C170217,욕실발판
C170218,변기시트/커버
C170219,욕실화
C170220,욕실소품
C170221,욕실수납용품
C170222,욕실청소용품
C170223,놀이방매트
C170301,수공구
C170302,철물공구
C170303,전기자재
C170304,멀티탭
C170305,건전지
C170306,충전지
C170307,장갑류
C170308,접착제
C170309,시트지
C170310,방풍/단열/방충
C170311,장식스탠드
C170312,테이블스탠드
C170313,조명등기구
C170314,일반램프
C170315,LED램프
C170316,플래쉬/랜턴
C170317,수도용품
C170318,선풍기
C170319,히터
C170320,온풍기
C170321,라디에이터
C170322,전기요
C170323,전기매트
C170324,온수매트
C170325,기타난방가전
C170326,모바일배터리/충전기
C170327,이어폰/헤드폰
C170328,케이스/보호필름
C170329,기타모바일액세서리
C170330,제습기
C170331,가습기
C170332,공기청정기
C170333,핸디형청소기
C170334,기타청소기
C170335,전화기
C170336,다리미
C170337,헤어드라이어
C170338,고데기
C170339,기타이미용가전
C170340,전기밥솥
C170341,오븐/전자레인지
C170342,인덕션/가스레인지
C170343,블랜더
C170344,토스터/제빵기
C170345,요구르트/청국장제조기
C170346,기타주방가전
C170347,리모컨/액세서리
C170348,소형디지털가전액세서리
C170349,저장장치
C170350,키보드
C170351,마우스
C170352,스피커
C170353,공유기
C170354,기타컴퓨터액세서리
C170355,건강마스크
C170356,녹즙기/원액기
C170357,체중계/신장계
C170401,기타남성의류세트
C170402,여성팬티
C170403,여성런닝셔츠/캐미솔
C170404,여성내의
C170405,남성팬티
C170406,남성런닝셔츠
C170407,남성내의
C170408,여성실내복
C170409,남성실내복
C170410,여성일반양말
C170411,여성수면양말
C170412,여성덧신류
C170413,스타킹
C170414,여성타이즈
C170415,여성양말선물세트
C170416,남성일반양말
C170417,남성양말선물세트
C170418,남여속옷세트
C170419,남여양말세트
C170420,남성슬리퍼
C170421,유아동슬리퍼
C170422,기타여행용가방
C170423,남성벨트
C170424,여성장갑
C170425,남성장갑
C170426,기타모자
C170427,여성헤어액세서리
C170428,장우산
C170429,3단우산
C170430,2단우산
C170431,아동우산
C170432,일회용우산
C170433,양산
C170434,우비
C170435,기타패션잡화
C170436,침대
C170437,선반장/행거
C170438,성인이불/이불커버
C170501,원예공구/살수용품
C170502,애견사료
C170503,애견간식
C170504,애견목욕/위생용품
C170505,애견배변용품
C170506,애견장난감/훈련
C170507,고양이사료
C170508,고양이간식
C170509,고양이모래/배변용품
C170510,관상어용품
C170511,관상조용품
C170512,곤충용품
C170513,설치류용품
C170514,와이퍼
C170515,오일/첨가제
C170516,기타자동차정비용품
C170517,차량용충전기
C170518,스노우체인
C170519,제설용품
C170520,세차도구
C170521,세차수건
C170522,워셔액
C170523,차량용방향/제취제
C170524,실내액세서리편의용품
C170525,실외액세서리편의용품
C170526,기타야구용품
C170527,기타축구용품
C170528,기타농구용품
C170529,기타테니스용품
C170530,기타탁구용품
C170531,기타배드민턴용품
C170532,미니벨로
C170533,기타등산용품
C170534,기타캠핑용품
C170535,손난로/핫팩
C170601,연필
C170602,볼펜
C170603,매직/보드마카
C170604,형광펜
C170605,샤프/샤프심
C170606,필통
C170607,수정용품
C170608,물감
C170609,색연필
C170610,채색도구
C170611,스케치북
C170612,도화지/미술용지
C170613,색종이
C170614,조각/만들기용품
C170615,다이어리
C170616,수첩메모
C170617,일반노트
C170618,초등노트
C170619,자석놀이
C170620,테이프
C170621,풀
C170622,스테이플러
C170623,집게/클립
C170624,칼/가위
C170625,자/제도용품
C170626,전자계산기
C170627,싸인물/자석/압핀
C170628,보드류
C170629,파일/바인더
C170630,서류정리용품
C170631,기타일반문구/사무용품
C170632,포스트잇
C170633,견출지/분류스티커
C170634,봉투류
C170635,서식지
C170636,복사용지
C170637,패션스티커
C170638,편지지/편지봉투
C170639,카드
C170640,포장용품
C170641,쇼핑백
C170642,파티장식/소품
C170643,풍선
C170644,화투/카드
C170645,기타파티/팬시용품
C170646,유아서적
C170647,아동서적
C170648,일반서적
C170649,보드게임
C170650,일반교육완구
C170651,자연/과학완구
C170652,음악/악기완구
C170653,미술/창작완구
C170654,스포츠완구
C170655,실외놀이완구
C170656,물놀이용품
C170657,미니자동차
C170658,피규어
C170659,무선조종
C170660,콜렉션인형
C170661,여아드레스및소품
C170662,역할놀이
C170663,DIY완구
C170664,기타물놀이용품
C170665,목욕용장난감
C170701,생활잡화균일가
D010101,스킨/토너
D010102,미스트
D010103,에멀젼/로션
D010104,에센스/세럼
D010105,아이케어
D010106,크림/밤/오일
D010107,스킨케어세트
D010201,선크림류
D010202,태닝/애프터선케어
D010301,페이셜클렌저
D010401,페이셜팩류
D010501,남성용면도기/날
D010502,쉐이빙폼/젤
D010503,클래식면도용품
D010504,남성용클렌저
D010505,남성용스킨케어류
D010506,남성스킨케어세트
D010507,남성용선크림/메이크업류
D010601,유아용화장품
D010602,기저귀크림/파우더
D010603,유아용샴푸/바디워시
D010604,유아목욕용품
D020101,샴푸
D020102,린스/컨디셔너
D020103,트리트먼트/팩
D020104,헤어에센스
D020105,헤어스프레이
D020106,헤어무스/젤
D020107,헤어왁스
D020108,염모제
D020201,바디워시
D020202,바디보습
D020203,입욕제/스파제품
D020204,바디케어세트
D020205,바디슬리밍/리프팅
D020206,제모용품
D020207,데오도란트
D020301,핸드워시/손세정제
D020302,핸드로션/크림
D020303,풋케어
D020304,풋케어도구
D020401,치약
D020402,칫솔
D020403,전동칫솔/칫솔모
D020404,구강청정제
D020405,기타구강관리용품
D020406,치약/칫솔세트
D020501,생리대
D020502,탐폰
D020503,팬티라이너
D020504,여성세정제
D030101,웨이트기구
D030102,기타피트니스기구
D030103,기타건강측정용품
D030201,종합영양제
D030202,일반비타민
D030203,기타영양제
D030204,운동보조식품
D030205,다이어트보조식품
D030206,미용보조식품
D030207,건강보조식품세트
D030301,안전상비의약외품
D030302,콘돔
D030303,건강마스크
D030304,밴드류
D030305,렌즈관리용품
D030306,온/냉찜질용품
D040101,기타견과류
D040102,일반시리얼
D040103,즉석스프
D040104,기타레토르트
D040105,일반껌
D040106,하드캔디
D040107,판초콜릿
D040108,일반스낵
D040109,쿠키
D040110,파이
D040111,바아이스크림
D040112,컵아이스크림
D040201,생수
D040202,탄산수
D040203,콜라
D040204,혼합탄산
D040205,스포츠음료
D040206,비타민/에너지음료
D040207,한방음료
D040208,숙취해소음료
D040209,기타기능성음료
D040210,과일음료
D040211,채소음료
D040212,과채혼합음료
D040213,일반차음료
D040214,전통차음료
D040215,커피음료
D040216,일반두유
D040217,믹스커피
D040218,식수용차
D040219,녹차/홍차
D040220,허브/꽃차
D040221,전통/한방차
D040222,코코아
D040223,아이스티
D050101,롤티슈
D050102,각티슈/미용티슈
D050103,물티슈
D050201,방향제
D050202,제습제
D050203,차량용방향/제취제
D050204,향초
D050205,디퓨저
D050301,헤어드라이어
D050302,헤어세팅기
D060101,여성헤어액세서리
D060102,기름종이
D060103,메탈미용소도구
D060104,속눈썹/쌍꺼풀
D060105,메이크업브러쉬
D060106,스폰지/퍼프
D060107,네일케어도구
D060108,면봉/화장솜
D060109,미용거울
D060201,여성덧신류
D060202,스타킹
D060203,여성타이즈
D060301,장우산
D060302,우비
D060401,기타파티/팬시용품
D060501,건전지
D060502,이어폰/헤드폰
D060601,보안용품
D060701,여행용소품
D060801,손난로/핫팩
D070101,여성향수
D070201,남성향수
D080101,메이크업베이스/프라이머
D080102,BB/파운데이션/컴팩트류
D080103,블러셔/쉐이딩/하이라이터
D080201,아이라이너
D080202,아이브로우
D080203,마스카라
D080204,아이섀도우
D080205,메이크업세트
D080301,립스틱/립라이너
D080302,립글로즈/틴트
D080401,일반네일/케어류
